timestamp,asset_id,latitude,longitude,inventory_level,temperature,humidity,traffic_status,waiting_time,user_transaction_amount,user_purchase_frequency,asset_utilization,demand_forecast,logistics_delay,month,dow,hour,is_weekend_delivery,is_peak_season,asset_delay_rate_30d,shipment_status_delivered,shipment_status_in transit,logistics_delay_reason_traffic,logistics_delay_reason_weather
2024-01-01 11:37:57,Truck_4,-59.0753,68.4886,303,24.6,68.6,Detour,50,213,6,97.1,297,0,1,0,11,0,0,,False,True,False,False
2024-01-01 17:34:48,Truck_10,-13.9612,89.5342,174,20.2,74.2,Detour,49,403,5,83.5,227,1,1,0,17,0,0,,False,False,False,False
2024-01-01 18:29:17,Truck_3,88.7652,-178.2706,179,25.5,70.9,Detour,12,427,9,60.3,157,1,1,0,18,0,0,,False,False,False,False
2024-01-02 07:22:55,Truck_2,-61.8546,43.8074,106,26.7,53.3,Detour,39,128,5,88.0,117,0,1,1,7,0,0,,True,False,False,True
2024-01-02 15:30:44,Truck_4,-36.487,14.5024,372,20.4,57.2,Clear,29,153,1,78.2,221,1,1,1,15,0,0,0.0,False,False,False,True
2024-01-02 22:19:42,Truck_7,-68.3909,-122.557,341,21.3,76.2,Heavy,58,429,3,78.6,178,1,1,1,22,0,0,,False,True,False,False
2024-01-03 11:20:33,Truck_7,5.9541,-156.4873,237,29.2,56.2,Detour,15,251,3,76.3,198,0,1,2,11,0,0,1.0,True,False,False,True
2024-01-03 12:49:48,Truck_10,-35.4329,9.9153,308,25.2,52.5,Heavy,19,475,8,95.0,206,1,1,2,12,0,0,1.0,False,False,False,False
2024-01-03 13:08:23,Truck_10,-43.2004,134.8572,191,24.0,59.7,Clear,51,268,8,97.0,111,0,1,2,13,0,0,1.0,False,True,False,False
2024-01-04 03:12:31,Truck_4,-50.7085,-85.4515,173,23.1,56.0,Heavy,50,440,3,73.4,289,1,1,3,3,0,0,0.5,False,True,False,False
2024-01-04 19:58:15,Truck_4,-64.0954,-155.4074,272,23.4,57.2,Clear,51,419,6,63.1,159,1,1,3,19,0,0,0.6666666666666666,False,False,False,False
2024-01-04 22:52:43,Truck_5,-22.4793,-54.5143,130,23.7,68.1,Clear,45,487,4,84.1,256,1,1,3,22,0,0,,False,False,True,False
2024-01-04 23:32:40,Truck_6,-27.4913,-1.8571,332,21.7,58.9,Heavy,33,363,6,90.1,131,1,1,3,23,0,0,,False,True,False,True
2024-01-05 03:23:06,Truck_9,16.9737,-7.8198,145,23.3,70.3,Detour,44,421,2,93.9,286,0,1,4,3,0,0,,False,True,False,False
2024-01-05 21:06:52,Truck_4,-77.8133,-89.1179,155,30.0,64.5,Detour,33,342,6,88.2,179,1,1,4,21,0,0,0.75,False,False,False,True
2024-01-05 22:46:26,Truck_3,16.7636,29.2783,429,27.7,75.0,Heavy,12,446,4,65.7,203,1,1,4,22,0,0,1.0,False,True,False,False
2024-01-06 05:22:59,Truck_10,-20.073,169.5863,356,24.8,70.0,Detour,37,345,3,84.0,245,1,1,5,5,1,0,0.6666666666666666,False,False,True,False
2024-01-06 21:16:03,Truck_4,-67.7619,176.4012,454,21.0,77.3,Clear,15,112,10,73.2,237,1,1,5,21,1,0,0.8,False,False,False,True
2024-01-07 09:13:28,Truck_6,-74.1751,-102.7331,314,19.9,64.8,Detour,57,396,10,78.6,135,0,1,6,9,1,0,1.0,True,False,False,True
2024-01-07 12:49:12,Truck_4,-46.3051,-93.1541,276,24.9,77.0,Detour,60,467,4,84.6,292,0,1,6,12,1,0,0.8333333333333334,True,False,False,True
2024-01-07 15:00:38,Truck_9,30.5875,132.7309,203,19.2,63.6,Heavy,31,123,9,84.1,270,1,1,6,15,1,0,0.0,False,False,False,False
2024-01-08 09:23:32,Truck_9,7.8031,43.4739,258,26.8,60.5,Clear,12,413,8,86.9,207,0,1,0,9,0,0,0.5,True,False,False,True
2024-01-08 10:20:44,Truck_2,70.0103,-164.1914,172,25.5,55.7,Detour,25,259,1,65.2,255,0,1,0,10,0,0,0.0,True,False,True,False
2024-01-08 14:39:40,Truck_7,87.018,-27.3053,201,27.9,64.4,Clear,30,198,7,93.9,276,1,1,0,14,0,0,0.5,False,False,False,True
2024-01-08 21:16:45,Truck_5,-9.1109,76.762,123,19.3,63.4,Detour,35,303,3,64.9,240,0,1,0,21,0,0,1.0,True,False,False,False
2024-01-09 03:30:54,Truck_5,50.475,-168.8578,187,24.5,73.1,Clear,23,382,7,67.4,149,0,1,1,3,0,0,0.5,False,True,False,True
2024-01-09 08:52:44,Truck_7,6.009,-33.838,461,18.6,74.6,Heavy,23,185,4,77.8,215,1,1,1,8,0,0,0.6666666666666666,True,False,True,False
2024-01-09 21:49:29,Truck_2,88.528,-0.3595,375,19.2,72.9,Detour,58,119,7,96.9,213,1,1,1,21,0,0,0.0,False,False,False,False
2024-01-09 23:18:24,Truck_7,1.3295,83.6357,483,28.6,72.4,Clear,51,243,1,73.7,167,1,1,1,23,0,0,0.75,False,False,True,False
2024-01-09 23:19:43,Truck_9,82.9633,-154.5274,319,22.0,53.5,Clear,28,360,4,69.8,171,1,1,1,23,0,0,0.3333333333333333,False,False,False,False
2024-01-10 01:05:25,Truck_9,-73.8211,3.187,386,26.6,78.2,Detour,19,456,7,87.6,290,0,1,2,1,0,0,0.5,True,False,True,False
2024-01-10 12:44:17,Truck_10,49.9465,-30.0236,355,20.2,51.3,Clear,49,323,4,72.6,100,0,1,2,12,0,0,0.75,True,False,False,False
2024-01-10 16:52:14,Truck_1,49.3049,-55.6493,199,23.4,64.4,Heavy,59,476,10,81.3,123,1,1,2,16,0,0,,True,False,True,False
2024-01-10 20:02:28,Truck_1,47.5481,-97.4831,465,24.0,72.4,Heavy,48,112,8,97.1,212,1,1,2,20,0,0,1.0,False,False,False,False
2024-01-11 03:09:35,Truck_3,-84.3224,76.1163,258,23.3,71.8,Heavy,20,466,7,80.6,277,1,1,3,3,0,0,1.0,True,False,True,False
2024-01-11 15:19:53,Truck_5,46.9009,3.749,419,22.1,74.7,Detour,31,236,10,95.9,182,0,1,3,15,0,0,0.3333333333333333,True,False,True,False
2024-01-11 20:19:14,Truck_10,61.697,164.5493,410,24.5,62.4,Clear,40,172,5,86.2,225,0,1,3,20,0,0,0.6,False,True,False,False
2024-01-12 02:20:39,Truck_4,-34.4433,-4.0669,128,29.0,71.0,Detour,12,404,8,81.3,272,1,1,4,2,0,0,0.7142857142857143,False,False,True,False
2024-01-12 17:01:33,Truck_9,68.181,-84.9051,179,24.2,50.2,Clear,31,485,10,75.8,255,1,1,4,17,0,0,0.4,False,False,False,False
2024-01-13 15:51:27,Truck_1,23.2259,110.6901,147,18.7,68.5,Heavy,25,439,9,75.2,266,1,1,5,15,1,0,1.0,False,True,False,False
2024-01-13 16:35:47,Truck_9,19.3645,-149.4523,169,28.6,78.8,Heavy,27,482,4,80.5,122,1,1,5,16,1,0,0.5,False,True,True,False
2024-01-13 18:59:02,Truck_6,14.1533,164.1186,286,25.0,68.4,Heavy,50,382,5,71.9,283,1,1,5,18,1,0,0.5,False,True,False,True
2024-01-13 21:07:39,Truck_1,-12.4175,135.9866,339,26.4,73.8,Clear,58,488,3,89.3,299,1,1,5,21,1,0,1.0,False,False,False,False
2024-01-13 21:47:31,Truck_5,-40.8275,-46.7423,324,25.5,65.2,Clear,51,233,9,90.2,145,1,1,5,21,1,0,0.25,False,False,True,False
2024-01-14 09:22:40,Truck_2,17.6483,114.2638,455,22.9,79.6,Detour,51,410,9,84.9,233,0,1,6,9,1,0,0.3333333333333333,True,False,False,True
2024-01-14 20:39:14,Truck_2,-24.0118,111.4726,240,18.8,63.9,Detour,23,462,1,61.2,276,0,1,6,20,1,0,0.25,True,False,False,False
2024-01-15 07:48:38,Truck_10,71.2228,-86.3993,334,28.9,62.8,Clear,15,106,5,97.2,127,0,1,0,7,0,0,0.5,True,False,False,True
2024-01-15 08:13:04,Truck_6,14.4593,157.9293,487,18.7,62.0,Detour,35,432,9,72.3,247,1,1,0,8,0,0,0.6666666666666666,False,False,False,False
2024-01-15 12:01:25,Truck_1,-20.0696,-73.2689,486,29.1,78.4,Clear,21,158,7,62.6,243,0,1,0,12,0,0,1.0,True,False,False,False
2024-01-16 04:10:14,Truck_6,-46.9621,87.6972,419,27.0,56.7,Detour,25,378,2,74.3,212,0,1,1,4,0,0,0.75,False,True,False,False
2024-01-16 09:47:08,Truck_10,49.7431,156.3216,256,22.3,66.3,Heavy,10,462,1,95.5,276,1,1,1,9,0,0,0.42857142857142855,True,False,False,True
2024-01-16 17:28:55,Truck_7,7.0557,-122.6525,380,27.1,71.5,Clear,23,373,3,97.1,286,1,1,1,17,0,0,0.8,False,False,False,False
2024-01-17 03:33:56,Truck_10,-12.9902,176.1206,399,23.4,71.7,Heavy,12,239,1,67.6,156,1,1,2,3,0,0,0.5,True,False,False,False
2024-01-17 04:29:26,Truck_1,-60.3563,95.7232,292,22.7,61.0,Clear,42,358,9,77.7,256,0,1,2,4,0,0,0.8,True,False,False,False
2024-01-18 08:27:04,Truck_9,-83.6737,-31.7125,245,26.4,77.2,Clear,14,183,2,69.6,206,0,1,3,8,0,0,0.5714285714285714,True,False,False,False
2024-01-18 08:34:25,Truck_2,-34.2189,-36.6288,491,25.5,50.3,Heavy,18,111,1,97.1,100,1,1,3,8,0,0,0.2,True,False,False,True
2024-01-18 17:13:48,Truck_1,35.8055,-41.1532,299,22.4,64.2,Clear,54,303,1,88.1,125,0,1,3,17,0,0,0.6666666666666666,True,False,True,False
2024-01-19 00:15:26,Truck_7,-73.0477,124.7969,223,19.5,55.6,Clear,23,154,4,62.9,217,0,1,4,0,0,0,0.8333333333333334,False,True,False,True
2024-01-19 06:42:30,Truck_5,14.6629,116.0696,409,27.5,66.6,Detour,29,492,3,72.6,204,1,1,4,6,0,0,0.4,False,False,False,False
2024-01-19 14:28:30,Truck_6,67.7302,-70.1861,166,29.4,59.5,Heavy,40,210,4,82.9,246,1,1,4,14,0,0,0.6,False,True,True,False
2024-01-20 14:38:55,Truck_10,38.825,-51.8451,437,23.3,61.6,Heavy,45,177,5,93.3,106,1,1,5,14,1,0,0.5555555555555556,False,False,False,False
2024-01-20 21:06:05,Truck_1,69.6413,1.4327,332,18.8,74.7,Heavy,16,279,2,61.8,289,1,1,5,21,1,0,0.5714285714285714,False,False,False,False
2024-01-21 03:11:55,Truck_2,-84.0049,111.8327,184,19.2,59.8,Heavy,23,126,4,90.4,200,1,1,6,3,1,0,0.3333333333333333,False,False,False,False
2024-01-21 09:04:01,Truck_9,86.1935,59.4987,419,26.5,56.2,Detour,15,277,2,68.3,280,0,1,6,9,1,0,0.5,True,False,False,True
2024-01-21 12:56:09,Truck_1,54.3099,-98.941,311,28.9,77.8,Heavy,43,415,1,76.4,210,1,1,6,12,1,0,0.625,False,False,False,False
2024-01-21 13:17:03,Truck_1,1.429,-119.0925,334,26.6,74.1,Detour,10,317,3,73.0,184,1,1,6,13,1,0,0.6666666666666666,False,False,True,False
2024-01-21 23:13:40,Truck_5,28.1016,167.1982,356,18.4,75.2,Clear,32,291,6,90.7,206,0,1,6,23,1,0,0.5,False,True,False,False
2024-01-22 00:34:19,Truck_5,-28.8968,-117.9471,405,28.0,67.7,Clear,48,348,3,78.3,213,0,1,0,0,0,0,0.42857142857142855,False,True,False,False
2024-01-23 05:35:54,Truck_9,70.5541,-150.1626,356,19.5,63.1,Clear,16,118,3,77.8,230,0,1,1,5,0,0,0.4444444444444444,True,False,False,False
2024-01-23 18:52:56,Truck_8,-89.7784,-163.7965,247,28.3,76.2,Clear,53,190,10,93.6,111,1,1,1,18,0,0,,False,False,False,False
2024-01-24 08:44:24,Truck_3,-12.2885,38.4287,231,28.2,67.2,Clear,50,221,1,84.8,270,0,1,2,8,0,0,1.0,True,False,False,False
2024-01-25 11:27:54,Truck_2,-38.2185,104.1667,349,19.4,62.7,Detour,19,296,3,72.3,177,0,1,3,11,0,0,0.42857142857142855,True,False,False,False
2024-01-25 12:09:42,Truck_6,12.8172,76.1408,401,25.7,71.4,Clear,30,494,4,81.1,175,0,1,3,12,0,0,0.6666666666666666,False,True,False,True
2024-01-25 20:15:13,Truck_2,-32.2146,166.7941,213,25.0,72.7,Detour,51,353,8,82.6,227,0,1,3,20,0,0,0.375,True,False,False,False
2024-01-26 05:00:06,Truck_8,29.7128,-51.8993,277,29.2,56.9,Detour,24,100,2,84.2,164,0,1,4,5,0,0,1.0,True,False,False,False
2024-01-26 08:28:52,Truck_3,86.6663,-8.1036,302,19.5,64.5,Detour,38,149,10,69.0,213,0,1,4,8,0,0,0.75,True,False,False,False
2024-01-26 12:56:30,Truck_5,-89.7915,85.8036,305,20.5,71.2,Detour,44,302,10,71.9,141,0,1,4,12,0,0,0.375,False,True,False,True
2024-01-26 17:18:01,Truck_7,-80.9601,52.614,158,29.7,78.2,Heavy,43,334,5,72.7,181,1,1,4,17,0,0,0.7142857142857143,False,True,False,True
2024-01-27 01:05:38,Truck_10,71.4327,127.3664,284,22.1,77.2,Heavy,16,226,4,95.8,206,1,1,5,1,1,0,0.6,False,True,False,False
2024-01-27 04:09:11,Truck_7,52.7828,176.0671,244,23.6,64.9,Clear,24,145,4,67.6,285,0,1,5,4,1,0,0.75,True,False,False,False
2024-01-27 15:36:15,Truck_8,11.5213,-168.4741,403,23.1,69.3,Detour,24,487,10,69.6,104,0,1,5,15,1,0,0.5,True,False,False,False
2024-01-28 02:18:52,Truck_3,17.5448,-68.5291,107,28.6,54.6,Detour,52,180,1,89.8,194,0,1,6,2,1,0,0.6,False,True,True,False
2024-01-28 04:43:23,Truck_1,-7.636,51.0615,317,23.9,69.5,Clear,59,447,1,97.1,294,0,1,6,4,1,0,0.7,False,True,False,True
2024-01-28 23:24:51,Truck_7,23.9592,-88.7602,443,18.9,68.8,Clear,36,159,2,86.3,171,0,1,6,23,1,0,0.6666666666666666,True,False,False,True
2024-01-29 14:54:57,Truck_1,47.5743,144.998,152,18.7,68.6,Clear,51,483,2,87.8,163,0,1,0,14,0,0,0.6363636363636364,False,True,False,True
2024-01-29 19:22:37,Truck_9,-40.5556,55.0777,177,25.6,71.9,Detour,20,193,6,95.5,182,0,1,0,19,0,0,0.4,True,False,False,False
2024-01-29 21:04:08,Truck_5,-15.6005,-92.1974,130,18.1,78.3,Heavy,39,424,9,92.3,143,1,1,0,21,0,0,0.3333333333333333,True,False,True,False
2024-01-30 00:58:41,Truck_3,58.3197,0.0698,121,27.2,71.1,Detour,44,340,8,74.6,286,0,1,1,0,0,0,0.5,False,True,False,False
2024-01-30 08:32:53,Truck_6,-9.0289,-69.4256,338,27.3,70.1,Heavy,29,129,1,82.4,281,1,1,1,8,0,0,0.5714285714285714,True,False,False,False
2024-01-30 15:36:36,Truck_2,-62.0623,133.8872,373,27.6,65.8,Heavy,23,396,1,79.3,126,1,1,1,15,0,0,0.3333333333333333,False,False,True,False
2024-01-31 00:01:35,Truck_1,88.3545,123.8561,469,21.5,52.2,Heavy,56,405,10,95.5,135,1,1,2,0,0,0,0.5833333333333334,False,True,False,True
2024-01-31 05:31:37,Truck_5,44.5442,-73.4346,467,19.3,62.1,Detour,39,180,8,63.8,145,0,1,2,5,0,0,0.4,True,False,False,False
2024-02-01 18:55:10,Truck_3,35.6522,-84.7025,159,26.9,69.5,Clear,32,272,7,69.7,278,0,2,3,18,0,0,0.42857142857142855,True,False,False,False
2024-02-02 03:46:54,Truck_3,23.2931,106.0267,368,28.0,53.4,Detour,42,182,5,77.5,205,0,2,4,3,0,0,0.375,True,False,False,False
2024-02-02 12:17:02,Truck_6,27.4437,43.3224,246,25.3,57.4,Clear,33,298,8,70.4,110,1,2,4,12,0,0,0.625,False,False,True,False
2024-02-02 12:51:41,Truck_8,77.7678,-165.1979,141,27.7,55.0,Clear,12,432,10,87.5,278,1,2,4,12,0,0,0.3333333333333333,False,False,False,False
2024-02-02 22:24:18,Truck_3,21.5738,-95.1501,403,29.5,76.6,Heavy,36,379,2,66.7,242,1,2,4,22,0,0,0.3333333333333333,True,False,False,False
2024-02-02 22:28:16,Truck_10,-25.2768,156.1262,234,29.7,63.6,Detour,13,406,10,85.5,238,0,2,4,22,0,0,0.6363636363636364,True,False,True,False
2024-02-04 01:08:26,Truck_10,-13.6168,-165.0825,349,21.1,55.1,Heavy,13,453,10,65.1,111,1,2,6,1,1,0,0.5833333333333334,False,True,False,True
2024-02-04 05:26:36,Truck_8,32.7849,30.955,377,19.5,51.0,Detour,11,226,8,64.1,266,1,2,6,5,1,0,0.5,False,False,False,True
2024-02-04 18:55:58,Truck_5,61.8444,107.4835,245,24.2,56.9,Detour,39,379,2,66.4,183,0,2,6,18,1,0,0.36363636363636365,False,True,True,False
2024-02-04 20:41:18,Truck_2,-7.2601,52.512,117,28.0,73.9,Heavy,55,156,10,63.7,277,1,2,6,20,1,0,0.4,False,False,False,True
2024-02-05 00:41:30,Truck_6,-23.2424,18.6206,119,25.9,77.7,Clear,38,189,7,79.3,149,0,2,0,0,0,0,0.6666666666666666,True,False,False,True
2024-02-05 00:48:18,Truck_2,20.3388,-109.3313,378,21.0,60.8,Heavy,30,318,3,84.8,181,1,2,0,0,0,0,0.45454545454545453,False,True,False,True
2024-02-05 03:19:43,Truck_5,28.3461,-1.5547,457,27.9,78.6,Heavy,18,461,6,69.1,137,1,2,0,3,0,0,0.3333333333333333,True,False,False,True
2024-02-05 08:38:56,Truck_4,27.9307,147.5317,480,20.7,75.4,Clear,32,263,3,73.3,198,1,2,0,8,0,0,0.75,False,False,False,False
2024-02-06 08:28:02,Truck_7,-71.9057,-41.4314,409,18.0,53.5,Heavy,47,153,9,74.1,117,1,2,1,8,0,0,0.6,True,False,False,False
2024-02-06 09:01:38,Truck_10,28.387,33.4827,113,23.0,73.4,Detour,50,309,8,71.7,293,0,2,1,9,0,0,0.6153846153846154,False,True,True,False
2024-02-07 04:52:21,Truck_6,19.5573,171.8697,426,23.6,58.0,Heavy,47,263,1,92.9,136,1,2,2,4,0,0,0.6,False,True,True,False
2024-02-07 19:45:50,Truck_3,-15.2991,-95.0112,259,27.0,79.7,Heavy,15,167,9,88.6,147,1,2,2,19,0,0,0.4,False,True,True,False
2024-02-08 10:07:24,Truck_4,5.7076,-79.9256,100,24.1,50.9,Detour,39,340,4,96.9,274,1,2,3,10,0,0,0.7777777777777778,False,False,False,False
2024-02-08 10:12:13,Truck_1,-86.701,-140.0339,412,23.8,71.6,Heavy,54,301,6,76.8,183,1,2,3,10,0,0,0.6153846153846154,False,False,False,True
2024-02-09 06:40:41,Truck_9,-68.5324,127.5394,181,22.9,70.3,Detour,49,441,7,94.7,168,0,2,4,6,0,0,0.36363636363636365,True,False,False,False
2024-02-09 21:00:56,Truck_10,-87.8115,97.0492,134,19.5,75.3,Clear,45,424,6,80.9,175,0,2,4,21,0,0,0.5714285714285714,True,False,False,True
2024-02-10 07:01:26,Truck_8,-27.0196,-24.081,410,29.8,76.2,Detour,52,152,2,76.6,149,0,2,5,7,1,0,0.6,False,True,False,False
2024-02-10 08:40:55,Truck_9,-25.4823,169.1921,282,21.8,63.6,Clear,43,370,7,69.4,251,1,2,5,8,1,0,0.3333333333333333,False,False,True,False
2024-02-11 04:52:58,Truck_4,20.1451,158.7402,135,26.8,79.1,Detour,57,173,7,81.3,115,0,2,6,4,1,0,0.8,True,False,False,False
2024-02-11 08:18:06,Truck_3,-43.1797,-64.4769,172,22.5,69.7,Heavy,55,216,9,72.1,106,1,2,6,8,1,0,0.45454545454545453,True,False,False,True
2024-02-11 10:31:50,Truck_10,-61.849,-123.7835,445,19.8,54.1,Clear,39,375,2,88.3,247,0,2,6,10,1,0,0.5333333333333333,True,False,False,True
2024-02-11 13:30:18,Truck_2,-34.4469,93.1585,119,28.1,72.4,Detour,41,176,2,60.9,238,0,2,6,13,1,0,0.5,False,True,False,False
2024-02-11 14:40:04,Truck_2,78.4324,125.0181,472,24.9,63.2,Detour,36,485,9,78.9,271,0,2,6,14,1,0,0.46153846153846156,True,False,False,False
2024-02-11 21:05:23,Truck_1,-80.2129,116.4288,438,25.0,65.2,Detour,49,421,3,82.4,273,0,2,6,21,1,0,0.6428571428571429,False,True,False,False
2024-02-12 03:22:04,Truck_2,-79.279,69.568,283,27.7,52.4,Heavy,16,280,8,96.0,297,1,2,0,3,0,0,0.42857142857142855,False,False,True,False
2024-02-12 06:23:27,Truck_7,49.3929,-47.5805,369,26.3,52.1,Detour,48,104,7,66.7,220,0,2,0,6,0,0,0.6363636363636364,True,False,False,False
2024-02-13 05:24:13,Truck_2,-74.3396,-150.6339,111,22.7,75.6,Clear,47,207,4,60.4,131,1,2,1,5,0,0,0.4666666666666667,False,False,False,False
2024-02-13 19:17:18,Truck_1,-60.2782,-7.5464,355,22.5,74.0,Clear,20,321,3,90.6,252,1,2,1,19,0,0,0.6,False,False,False,True
2024-02-14 00:45:03,Truck_10,-44.6254,44.0876,171,22.6,69.9,Detour,26,104,2,88.1,132,1,2,2,0,0,0,0.5,False,False,False,True
2024-02-14 07:54:59,Truck_7,-21.5329,-145.2581,258,19.9,51.9,Heavy,54,237,10,92.7,271,1,2,2,7,0,0,0.5833333333333334,False,False,False,False
2024-02-14 12:20:37,Truck_6,6.3666,136.0794,234,27.3,70.1,Detour,45,416,8,86.9,165,0,2,2,12,0,0,0.6363636363636364,True,False,False,False
2024-02-14 21:28:31,Truck_2,-68.4651,179.4433,182,20.3,59.8,Detour,30,288,7,83.3,107,1,2,2,21,0,0,0.5,False,False,False,False
2024-02-15 12:50:05,Truck_6,21.6362,35.7292,224,28.3,69.0,Clear,20,445,6,60.1,259,1,2,3,12,0,0,0.5833333333333334,False,False,False,False
2024-02-15 19:39:56,Truck_4,-43.0411,-154.0658,457,18.7,52.7,Clear,52,366,4,93.1,275,0,2,3,19,0,0,0.7272727272727273,False,True,False,False
2024-02-15 22:41:00,Truck_7,87.965,-109.0684,299,20.5,75.2,Clear,21,148,6,67.5,150,0,2,3,22,0,0,0.6153846153846154,False,True,False,False
2024-02-17 07:36:46,Truck_6,-36.4299,58.0595,238,23.8,79.4,Detour,33,416,5,88.2,102,1,2,5,7,1,0,0.6153846153846154,False,False,False,True
2024-02-17 16:11:22,Truck_6,-53.3015,11.4861,432,28.0,65.2,Heavy,35,499,8,97.4,110,1,2,5,16,1,0,0.6428571428571429,False,True,False,True
2024-02-17 20:09:25,Truck_2,-59.6899,143.0428,364,18.8,68.2,Detour,41,373,1,88.7,215,1,2,5,20,1,0,0.5294117647058824,False,False,False,True
2024-02-17 21:06:05,Truck_4,-51.9233,-57.5858,220,29.4,52.4,Clear,18,468,9,63.1,137,1,2,5,21,1,0,0.6666666666666666,False,False,False,False
2024-02-17 21:14:42,Truck_8,-65.526,-3.0202,154,21.5,74.2,Detour,38,215,3,84.4,114,0,2,5,21,1,0,0.5,False,True,False,True
2024-02-18 14:10:22,Truck_8,-81.6677,-40.8327,313,20.5,79.3,Detour,49,229,7,98.5,126,1,2,6,14,1,0,0.42857142857142855,False,False,False,False
2024-02-19 23:24:03,Truck_2,-74.9003,146.0765,276,29.2,77.1,Clear,39,483,7,71.5,157,0,2,0,23,0,0,0.5555555555555556,False,True,False,False
2024-02-20 08:11:14,Truck_8,-17.2355,-130.6915,179,28.5,51.0,Detour,12,354,3,92.8,225,0,2,1,8,0,0,0.5,False,True,False,True
2024-02-20 17:37:42,Truck_6,-35.4951,105.3877,385,26.1,68.3,Clear,38,114,6,64.6,190,0,2,1,17,0,0,0.6666666666666666,True,False,False,True
2024-02-20 20:52:03,Truck_4,-68.7937,-164.3866,447,21.1,75.6,Heavy,51,315,1,64.7,186,1,2,1,20,0,0,0.6923076923076923,True,False,False,False
2024-02-21 02:51:08,Truck_4,3.6602,107.779,464,20.8,50.1,Heavy,16,441,7,91.1,240,1,2,2,2,0,0,0.7142857142857143,False,True,False,False
2024-02-21 22:00:35,Truck_8,-33.1628,143.557,410,27.5,58.5,Detour,21,439,9,72.4,182,0,2,2,22,0,0,0.4444444444444444,True,False,False,False
2024-02-21 23:20:41,Truck_6,-23.1011,-54.5176,186,24.0,67.3,Detour,44,352,9,85.7,262,1,2,2,23,0,0,0.625,False,False,False,False
2024-02-22 18:02:00,Truck_10,4.8619,61.4224,350,25.3,71.2,Detour,19,177,1,67.0,209,0,2,3,18,0,0,0.5294117647058824,True,False,False,False
2024-02-22 20:07:47,Truck_1,18.761,139.9566,154,26.8,56.0,Clear,13,413,8,73.8,220,1,2,3,20,0,0,0.625,False,False,True,False
2024-02-23 09:29:19,Truck_3,87.5079,-125.5319,290,20.5,51.4,Clear,22,170,4,74.7,147,0,2,4,9,0,0,0.5,False,True,False,False
2024-02-23 18:39:32,Truck_4,76.3946,105.7941,206,21.9,68.6,Heavy,42,100,7,63.3,116,1,2,4,18,0,0,0.7333333333333333,False,False,True,False
2024-02-23 18:40:35,Truck_1,-53.2492,-17.118,352,26.6,70.3,Detour,12,260,7,77.4,267,0,2,4,18,0,0,0.6470588235294118,True,False,True,False
2024-02-24 07:23:53,Truck_4,28.627,162.8857,282,18.4,68.8,Heavy,16,281,4,78.8,285,1,2,5,7,1,0,0.75,True,False,False,False
2024-02-24 08:11:09,Truck_3,10.9354,-27.3551,184,19.2,55.3,Heavy,14,450,3,86.7,247,1,2,5,8,1,0,0.46153846153846156,True,False,False,False
2024-02-24 23:02:05,Truck_4,-23.4709,54.5265,458,23.3,58.6,Heavy,43,372,10,92.9,262,1,2,5,23,1,0,0.7647058823529411,False,False,False,False
2024-02-26 03:25:37,Truck_2,-77.7986,-155.4098,497,21.8,71.3,Heavy,22,424,2,79.8,168,1,2,0,3,0,0,0.5263157894736842,False,False,False,True
2024-02-27 01:39:05,Truck_5,13.7939,25.2973,472,22.7,53.0,Heavy,30,389,6,86.8,232,1,2,1,1,0,0,0.38461538461538464,False,True,False,True
2024-02-27 01:51:59,Truck_8,41.375,77.2949,280,25.5,74.2,Clear,46,447,2,65.3,236,0,2,1,1,0,0,0.4,False,True,True,False
2024-02-27 05:17:36,Truck_1,-76.8771,94.6166,260,22.8,71.7,Heavy,44,393,5,94.1,154,1,2,1,5,0,0,0.6111111111111112,False,False,False,False
2024-02-27 15:58:37,Truck_1,63.9549,-128.7581,444,20.8,63.9,Heavy,38,203,1,73.7,201,1,2,1,15,0,0,0.631578947368421,False,True,False,True
2024-02-27 17:30:37,Truck_9,-1.4258,112.8174,146,24.2,72.4,Clear,22,321,9,88.2,190,1,2,1,17,0,0,0.38461538461538464,False,False,False,False
2024-02-27 21:45:48,Truck_10,-4.8643,75.4304,168,23.2,71.5,Clear,23,292,3,98.8,102,1,2,1,21,0,0,0.5,False,False,True,False
2024-02-27 21:46:02,Truck_1,80.4177,-39.9632,445,20.6,68.2,Clear,41,418,9,93.6,184,1,2,1,21,0,0,0.65,False,False,False,False
2024-02-28 00:53:35,Truck_6,-86.177,112.1068,118,25.1,59.5,Clear,36,200,1,80.6,239,0,2,2,0,0,0,0.6470588235294118,False,True,False,False
2024-02-28 11:48:48,Truck_7,-36.4104,-4.335,389,27.2,59.8,Heavy,20,129,8,80.8,164,1,2,2,11,0,0,0.5714285714285714,False,True,True,False
2024-02-28 12:30:38,Truck_3,-80.4289,177.558,488,24.9,79.2,Heavy,52,290,10,82.5,248,1,2,2,12,0,0,0.5,True,False,True,False
2024-02-28 18:13:16,Truck_1,-16.8576,-8.0033,242,23.7,56.0,Detour,41,190,5,61.8,265,0,2,2,18,0,0,0.6666666666666666,False,True,True,False
2024-02-28 23:27:53,Truck_10,-88.696,117.3902,288,27.1,69.4,Heavy,37,144,2,63.6,126,1,2,2,23,0,0,0.5263157894736842,True,False,False,False
2024-02-29 15:12:54,Truck_4,72.8574,179.01,391,20.5,71.2,Detour,12,112,7,78.3,267,0,2,3,15,0,0,0.7777777777777778,False,True,False,False
2024-02-29 23:31:58,Truck_8,-30.946,-65.5352,435,24.7,75.3,Heavy,41,245,2,87.1,232,1,2,3,23,0,0,0.36363636363636365,False,False,False,True
2024-03-01 10:10:16,Truck_3,-61.9668,113.8899,442,23.6,58.1,Clear,47,165,1,93.3,191,1,3,4,10,0,0,0.5333333333333333,False,False,True,False
2024-03-01 14:48:13,Truck_9,-38.0737,56.0723,127,21.0,54.6,Detour,13,452,9,79.0,299,1,3,4,14,0,0,0.42857142857142855,False,False,False,False
2024-03-01 20:32:48,Truck_3,-71.5279,-171.9428,396,23.0,61.1,Clear,14,439,8,91.9,119,0,3,4,20,0,0,0.5625,False,True,False,False
2024-03-02 15:37:45,Truck_3,-2.2841,23.4152,418,29.6,67.4,Heavy,54,199,9,99.9,215,1,3,5,15,1,0,0.5294117647058824,False,False,True,False
2024-03-02 23:49:21,Truck_8,-29.5867,41.0612,214,21.5,69.1,Heavy,49,417,10,76.7,249,1,3,5,23,1,0,0.4166666666666667,True,False,True,False
2024-03-03 00:53:07,Truck_10,-69.6887,-34.4563,289,19.3,68.6,Clear,33,149,4,74.3,220,0,3,6,0,1,0,0.55,True,False,False,False
2024-03-03 04:17:01,Truck_9,-37.3934,31.4093,122,22.9,64.0,Heavy,24,409,5,99.7,184,1,3,6,4,1,0,0.4666666666666667,True,False,False,False
2024-03-04 06:43:40,Truck_3,-60.7101,-29.4842,219,22.9,56.6,Heavy,49,372,6,64.4,300,1,3,0,6,0,0,0.5555555555555556,False,False,False,False
2024-03-04 06:44:50,Truck_2,-26.1836,-30.3641,348,27.3,71.6,Detour,30,211,2,96.4,115,0,3,0,6,0,0,0.55,True,False,False,False
2024-03-04 09:04:38,Truck_7,75.2109,170.3371,382,22.2,63.2,Clear,12,467,6,80.6,210,1,3,0,9,0,0,0.6,False,False,False,False
2024-03-04 09:24:45,Truck_10,-56.7854,25.8691,342,27.2,55.1,Heavy,22,326,2,64.4,300,1,3,0,9,0,0,0.5238095238095238,True,False,False,False
2024-03-04 09:26:19,Truck_8,-44.6569,129.8625,418,22.9,62.0,Detour,26,405,1,62.3,124,0,3,0,9,0,0,0.46153846153846156,False,True,False,False
2024-03-04 10:19:51,Truck_5,-32.2707,98.1472,330,26.5,59.2,Clear,51,274,3,69.1,139,0,3,0,10,0,0,0.42857142857142855,True,False,True,False
2024-03-04 23:34:51,Truck_9,-8.1413,92.8681,457,18.2,62.6,Detour,18,217,9,97.8,199,1,3,0,23,0,0,0.5,False,False,False,False
2024-03-04 23:39:01,Truck_2,53.517,152.1576,265,23.5,78.4,Clear,60,107,3,62.4,237,0,3,0,23,0,0,0.5238095238095238,True,False,False,True
2024-03-05 00:54:47,Truck_4,-10.0451,79.8956,126,28.2,54.5,Detour,35,320,4,93.7,136,0,3,1,0,0,0,0.7368421052631579,True,False,False,False
2024-03-05 10:30:30,Truck_10,-10.8849,86.0812,277,23.7,72.1,Clear,12,195,5,64.5,130,0,3,1,10,0,0,0.5454545454545454,False,True,True,False
2024-03-05 11:20:37,Truck_8,44.5052,-178.7281,313,18.7,74.7,Heavy,16,284,3,69.0,105,1,3,1,11,0,0,0.42857142857142855,False,True,False,False
2024-03-05 12:35:28,Truck_7,60.6073,74.3625,291,26.9,52.3,Heavy,34,253,2,94.9,228,1,3,1,12,0,0,0.625,False,True,True,False
2024-03-05 20:59:12,Truck_3,-85.8715,-162.7167,439,25.1,66.1,Clear,46,151,4,79.2,209,1,3,1,20,0,0,0.5789473684210527,False,False,False,False
2024-03-05 22:52:24,Truck_10,35.9521,5.775,195,26.9,79.8,Clear,57,190,2,60.6,235,0,3,1,22,0,0,0.5217391304347826,True,False,True,False
2024-03-06 02:39:46,Truck_8,-54.4964,-93.8603,286,20.7,59.0,Heavy,43,387,4,60.7,134,1,3,2,2,0,0,0.4666666666666667,True,False,True,False
2024-03-06 06:10:28,Truck_10,-53.1354,-164.488,458,25.5,52.1,Detour,32,183,6,93.5,154,0,3,2,6,0,0,0.5,False,True,False,True
2024-03-06 13:14:35,Truck_3,-6.8964,-35.5418,200,18.5,77.7,Detour,24,158,4,82.5,234,0,3,2,13,0,0,0.6,True,False,False,False
2024-03-06 20:00:26,Truck_5,50.3419,108.5647,207,29.3,59.4,Detour,31,174,5,65.9,195,0,3,2,20,0,0,0.4,True,False,False,False
2024-03-07 03:32:02,Truck_4,-8.4784,117.2494,384,24.5,62.2,Clear,45,418,7,75.8,298,0,3,3,3,0,0,0.7,True,False,False,False
2024-03-07 21:52:21,Truck_3,-31.1792,-46.048,239,26.6,51.6,Detour,33,333,2,95.1,277,1,3,3,21,0,0,0.5714285714285714,False,False,True,False
2024-03-08 10:09:37,Truck_10,-85.0859,41.138,382,22.0,77.8,Clear,47,448,5,81.4,246,0,3,4,10,0,0,0.48,False,True,False,True
2024-03-08 18:02:46,Truck_8,-86.9276,120.7534,466,26.3,70.4,Heavy,53,291,8,62.1,287,1,3,4,18,0,0,0.5,False,True,False,True
2024-03-08 23:13:09,Truck_9,76.0358,53.043,146,20.7,50.6,Clear,28,201,10,75.9,178,0,3,4,23,0,0,0.5294117647058824,False,True,False,True
2024-03-09 00:10:34,Truck_3,34.0712,123.0237,146,24.2,69.1,Clear,58,301,2,82.0,238,0,3,5,0,1,0,0.5909090909090909,False,True,False,False
2024-03-09 09:56:32,Truck_4,76.8582,-8.4829,475,24.3,52.6,Heavy,55,283,6,95.9,173,1,3,5,9,1,0,0.6666666666666666,False,True,False,True
2024-03-09 19:11:05,Truck_10,-44.764,-118.3579,484,22.8,53.7,Clear,18,176,4,73.7,131,1,3,5,19,1,0,0.46153846153846156,False,False,False,True
2024-03-10 06:12:13,Truck_9,7.9549,-109.2897,434,22.0,69.2,Heavy,17,233,10,63.4,138,1,3,6,6,1,0,0.5,True,False,False,False
2024-03-11 20:09:54,Truck_1,2.7286,-99.5442,432,25.9,65.8,Clear,42,265,8,86.8,140,0,3,0,20,0,0,0.6363636363636364,False,True,False,False
2024-03-12 03:54:06,Truck_5,-89.0793,130.3362,221,22.8,76.1,Detour,35,233,4,61.5,281,1,3,1,3,0,0,0.375,False,False,False,False
2024-03-13 18:47:10,Truck_9,57.9277,-106.3278,330,29.5,68.5,Clear,14,358,1,70.0,283,0,3,2,18,0,0,0.5263157894736842,False,True,False,False
2024-03-13 21:43:28,Truck_2,49.8896,46.7765,219,22.3,56.9,Heavy,44,144,8,62.2,188,1,3,2,21,0,0,0.5,True,False,False,False
2024-03-14 00:55:34,Truck_4,23.2023,92.2763,144,21.1,58.8,Clear,35,443,10,89.0,141,0,3,3,0,0,0,0.6818181818181818,True,False,False,False
2024-03-14 02:35:33,Truck_8,13.6845,-126.4199,293,23.8,62.8,Detour,19,135,1,98.8,291,0,3,3,2,0,0,0.5294117647058824,True,False,False,False
2024-03-14 18:05:27,Truck_4,85.8393,74.4208,321,30.0,75.4,Heavy,14,391,1,67.3,138,1,3,3,18,0,0,0.6521739130434783,False,False,False,False
2024-03-15 02:17:56,Truck_10,-21.5797,129.7599,301,18.5,75.3,Clear,39,140,6,78.5,208,0,3,4,2,0,0,0.48148148148148145,False,True,False,True
2024-03-15 07:02:10,Truck_5,-15.3314,22.397,236,18.3,69.0,Clear,34,303,2,62.6,270,0,3,4,7,0,0,0.4117647058823529,False,True,False,False
2024-03-15 14:48:46,Truck_10,24.4216,-7.0649,387,18.4,79.5,Clear,17,456,2,65.9,155,1,3,4,14,0,0,0.4642857142857143,False,False,False,True
2024-03-15 17:54:08,Truck_7,-80.1222,-56.1497,415,25.3,54.4,Heavy,53,345,2,87.4,181,1,3,4,17,0,0,0.6470588235294118,False,True,False,False
2024-03-15 22:19:21,Truck_6,51.4225,112.3362,165,25.6,61.7,Detour,50,149,10,62.6,252,1,3,4,22,0,0,0.6111111111111112,False,False,True,False
2024-03-16 11:17:42,Truck_7,-8.2431,-12.4959,164,18.2,76.4,Clear,45,466,7,98.1,196,0,3,5,11,1,0,0.6666666666666666,False,True,False,False
2024-03-16 13:20:30,Truck_9,-89.0981,33.8294,226,18.6,77.9,Heavy,30,252,10,67.3,145,1,3,5,13,1,0,0.5,False,True,False,False
2024-03-17 00:18:41,Truck_8,-82.1754,-169.4219,410,25.0,72.9,Clear,21,306,2,71.2,132,0,3,6,0,1,0,0.5,True,False,True,False
2024-03-17 08:20:11,Truck_9,-81.622,-152.0754,353,29.5,76.8,Heavy,41,421,8,97.7,212,1,3,6,8,1,0,0.5238095238095238,True,False,False,False
2024-03-17 17:11:29,Truck_2,-56.1219,135.4235,100,23.6,64.3,Detour,29,276,5,89.1,198,0,3,6,17,1,0,0.5217391304347826,False,True,False,False
2024-03-17 23:47:15,Truck_6,7.3575,86.6442,425,24.2,54.6,Detour,32,193,3,69.9,260,0,3,6,23,1,0,0.631578947368421,True,False,False,True
2024-03-19 05:23:55,Truck_1,66.2353,10.8345,339,26.8,64.5,Detour,24,235,6,69.3,212,0,3,1,5,0,0,0.6086956521739131,False,True,True,False
2024-03-19 05:42:50,Truck_8,60.5903,-90.0415,437,25.5,73.2,Clear,59,310,2,83.9,228,0,3,1,5,0,0,0.47368421052631576,False,True,False,False
2024-03-19 21:36:22,Truck_6,-69.343,131.9033,171,25.1,76.5,Heavy,55,309,3,94.6,112,1,3,1,21,0,0,0.6,True,False,True,False
2024-03-20 00:11:14,Truck_7,-65.7383,11.2497,390,27.0,67.8,Detour,38,320,4,60.1,285,1,3,2,0,0,0,0.631578947368421,False,False,False,False
2024-03-20 01:25:23,Truck_9,70.1899,-65.6792,203,18.0,68.9,Heavy,19,370,3,74.4,254,1,3,2,1,0,0,0.5454545454545454,False,True,True,False
2024-03-20 08:55:41,Truck_9,-80.5196,-2.9668,334,22.8,61.1,Clear,52,389,2,88.0,123,0,3,2,8,0,0,0.5652173913043478,True,False,True,False
2024-03-20 21:32:29,Truck_2,79.8212,-21.6975,445,25.3,57.9,Detour,38,364,1,93.6,275,0,3,2,21,0,0,0.5,True,False,True,False
2024-03-21 10:50:41,Truck_6,36.5436,71.7597,325,28.8,55.0,Clear,56,316,4,77.8,300,1,3,3,10,0,0,0.6190476190476191,False,False,False,True
2024-03-21 11:48:25,Truck_3,-13.0063,0.5345,439,21.5,72.8,Heavy,30,101,10,90.4,114,1,3,3,11,0,0,0.5652173913043478,False,False,False,False
2024-03-21 11:55:45,Truck_5,82.8116,62.1983,106,21.6,79.3,Clear,51,120,9,96.2,228,0,3,3,11,0,0,0.3888888888888889,True,False,False,True
2024-03-21 14:56:42,Truck_8,-13.469,75.3408,390,19.5,79.2,Heavy,26,366,4,69.4,217,1,3,3,14,0,0,0.45,False,False,False,False
2024-03-21 22:22:44,Truck_3,-20.6577,-86.8013,137,24.0,78.0,Heavy,29,425,7,69.4,270,1,3,3,22,0,0,0.5833333333333334,True,False,False,True
2024-03-22 03:06:23,Truck_3,-69.8431,-171.5361,237,23.6,62.7,Detour,35,323,9,66.8,267,0,3,4,3,0,0,0.6,False,True,False,True
2024-03-22 06:45:28,Truck_8,42.9526,146.6224,330,24.4,79.5,Clear,19,110,7,66.3,109,0,3,4,6,0,0,0.47619047619047616,True,False,False,False
2024-03-22 11:00:20,Truck_10,-18.4278,101.4997,327,22.6,57.4,Detour,38,432,4,68.4,171,1,3,4,11,0,0,0.4827586206896552,False,False,True,False
2024-03-22 14:12:36,Truck_10,-55.3603,79.1276,159,29.7,69.6,Clear,49,227,1,62.0,232,1,3,4,14,0,0,0.5,False,False,False,False
2024-03-22 16:43:42,Truck_5,36.3858,-107.3894,324,20.7,77.5,Heavy,39,387,1,69.1,138,1,3,4,16,0,0,0.3684210526315789,False,False,False,False
2024-03-22 23:53:31,Truck_10,-59.5674,11.3653,480,23.9,57.9,Heavy,57,204,6,62.3,146,1,3,4,23,0,0,0.5,False,False,False,False
2024-03-23 08:10:19,Truck_9,-66.6009,-11.7155,368,26.1,71.0,Clear,58,336,2,86.5,259,0,3,5,8,1,0,0.5416666666666666,True,False,False,False
2024-03-23 12:47:34,Truck_2,67.396,170.1537,364,26.9,67.8,Clear,55,467,7,95.2,128,1,3,5,12,1,0,0.48,False,False,False,True
2024-03-23 13:50:53,Truck_7,-32.3196,-16.4458,245,23.3,59.8,Clear,28,142,5,80.7,160,0,3,5,13,1,0,0.65,False,True,False,False
2024-03-23 20:27:30,Truck_4,-85.9619,103.5733,156,19.4,75.2,Heavy,44,135,1,66.6,108,1,3,5,20,1,0,0.6666666666666666,False,True,False,True
2024-03-23 21:22:31,Truck_1,69.9959,-10.5335,213,22.8,65.0,Detour,51,361,6,74.5,274,1,3,5,21,1,0,0.5833333333333334,False,False,False,False
2024-03-24 12:07:04,Truck_4,-84.6425,70.457,262,23.4,62.0,Heavy,36,272,7,82.9,146,1,3,6,12,1,0,0.68,False,True,False,False
2024-03-24 22:56:32,Truck_3,11.7686,154.6043,392,20.7,62.8,Detour,12,417,2,69.3,109,0,3,6,22,1,0,0.5769230769230769,False,True,False,True
2024-03-25 12:22:10,Truck_5,41.9728,81.4274,441,18.9,67.0,Detour,48,359,8,76.0,300,1,3,0,12,0,0,0.4,False,False,False,False
2024-03-26 14:40:33,Truck_7,-73.5735,153.529,451,21.3,67.2,Detour,24,187,8,69.3,221,1,3,1,14,0,0,0.6190476190476191,False,False,False,False
2024-03-26 15:40:51,Truck_7,52.0415,-64.6403,221,25.2,68.5,Detour,41,101,9,99.3,287,0,3,1,15,0,0,0.6363636363636364,True,False,False,False
2024-03-26 22:29:16,Truck_1,-86.5291,-36.5789,128,28.9,63.7,Clear,56,140,1,72.8,127,0,3,1,22,0,0,0.6,True,False,False,True
2024-03-27 02:27:30,Truck_3,-24.6226,30.2486,277,28.1,55.1,Clear,44,111,3,91.8,282,0,3,2,2,0,0,0.5555555555555556,False,True,False,True
2024-03-27 04:33:58,Truck_10,-79.3451,-52.5151,224,19.0,79.9,Heavy,17,139,4,96.1,279,1,3,2,4,0,0,0.5,True,False,False,True
2024-03-27 21:00:44,Truck_8,14.1508,-54.4659,351,25.1,74.2,Heavy,54,223,9,62.2,267,1,3,2,21,0,0,0.45454545454545453,True,False,True,False
2024-03-28 07:21:29,Truck_9,-30.5476,63.5282,148,19.0,50.3,Detour,50,481,2,87.3,243,1,3,3,7,0,0,0.52,False,False,False,False
2024-03-28 07:50:45,Truck_4,-56.2187,27.6037,114,26.8,62.1,Heavy,55,334,6,85.2,202,1,3,3,7,0,0,0.6923076923076923,False,True,False,False
2024-03-28 08:34:01,Truck_3,21.4872,-123.6879,348,22.7,63.3,Detour,23,134,4,99.6,251,1,3,3,8,0,0,0.5357142857142857,False,False,False,False
2024-03-28 10:24:32,Truck_5,51.2486,-41.4882,305,28.0,67.8,Detour,13,455,2,80.8,147,0,3,3,10,0,0,0.42857142857142855,True,False,False,True
2024-03-28 14:33:39,Truck_3,69.7549,-126.8123,130,29.9,65.0,Detour,50,385,10,72.6,106,1,3,3,14,0,0,0.5517241379310345,False,False,True,False
2024-03-29 01:23:19,Truck_2,36.621,97.2194,477,25.1,50.3,Detour,32,297,7,96.4,212,1,3,4,1,0,0,0.5,False,False,True,False
2024-03-29 05:14:26,Truck_1,36.5185,-71.9718,324,28.2,56.8,Heavy,10,249,7,76.7,298,1,3,4,5,0,0,0.5769230769230769,True,False,False,False
2024-03-30 10:22:10,Truck_4,-72.4492,131.8524,483,21.9,71.9,Detour,59,226,10,69.2,152,0,3,5,10,1,0,0.7037037037037037,False,True,False,False
2024-03-30 12:05:51,Truck_10,-31.4314,-110.7069,384,18.5,79.0,Detour,21,185,8,68.1,143,1,3,5,12,1,0,0.5333333333333333,False,False,False,True
2024-03-31 14:30:18,Truck_2,57.5757,-35.0439,254,24.0,78.6,Heavy,24,108,3,66.6,219,1,3,6,14,1,0,0.5185185185185185,True,False,False,True
2024-04-01 03:56:41,Truck_10,-25.4692,-70.7603,396,21.9,67.4,Detour,24,238,3,60.4,117,0,4,0,3,0,0,0.5333333333333333,True,False,False,True
2024-04-01 16:27:12,Truck_4,42.6032,146.1485,226,23.9,61.2,Heavy,13,211,2,67.5,232,1,4,0,16,0,0,0.6785714285714286,True,False,False,False
2024-04-01 18:35:37,Truck_4,-6.8792,165.0017,258,29.4,66.1,Heavy,54,395,2,71.4,256,1,4,0,18,0,0,0.6896551724137931,True,False,False,False
2024-04-02 13:43:06,Truck_5,20.446,149.3776,328,22.8,73.6,Clear,12,349,9,93.3,162,0,4,1,13,0,0,0.4090909090909091,True,False,False,False
2024-04-02 22:44:27,Truck_7,50.7076,-21.7653,295,22.2,64.9,Heavy,19,385,9,77.1,235,1,4,1,22,0,0,0.6086956521739131,False,True,False,True
2024-04-03 05:24:14,Truck_2,15.4009,52.3537,417,20.0,61.0,Heavy,54,300,4,74.5,156,1,4,2,5,0,0,0.5357142857142857,False,True,True,False
2024-04-03 14:11:16,Truck_5,-10.8232,144.0982,401,26.3,59.4,Heavy,30,268,7,67.6,225,1,4,2,14,0,0,0.391304347826087,False,True,False,False
2024-04-04 17:32:05,Truck_8,-29.6573,-37.6029,214,24.3,56.9,Clear,35,497,6,70.2,111,1,4,3,17,0,0,0.4782608695652174,False,False,False,True
2024-04-05 06:44:52,Truck_6,-48.3838,-163.1177,403,19.4,70.3,Clear,43,238,5,79.7,202,0,4,4,6,0,0,0.6363636363636364,True,False,False,False
2024-04-05 10:26:33,Truck_2,8.4222,-69.7522,361,19.5,78.6,Clear,21,358,9,93.0,235,0,4,4,10,0,0,0.5517241379310345,True,False,False,True
2024-04-05 10:29:17,Truck_10,24.8353,-83.7173,282,19.4,71.9,Clear,43,464,10,90.0,107,0,4,4,10,0,0,0.5333333333333333,False,True,True,False
2024-04-05 13:50:11,Truck_7,-9.6291,39.6506,495,25.1,75.5,Detour,39,234,1,74.8,203,0,4,4,13,0,0,0.625,True,False,False,False
2024-04-05 15:36:59,Truck_8,-39.3967,15.6452,421,26.0,78.1,Heavy,29,379,5,81.0,118,1,4,4,15,0,0,0.5,True,False,True,False
2024-04-05 18:56:43,Truck_1,24.1971,18.693,135,20.1,53.8,Detour,21,108,10,92.0,243,0,4,4,18,0,0,0.5925925925925926,True,False,True,False
2024-04-05 20:20:25,Truck_7,63.6965,-131.1519,358,21.6,61.7,Clear,23,127,6,85.7,199,1,4,4,20,0,0,0.6,False,False,False,False
2024-04-06 01:48:36,Truck_3,68.0702,98.5995,176,29.5,61.9,Clear,31,306,6,73.5,217,0,4,5,1,1,0,0.5666666666666667,True,False,False,True
2024-04-08 18:13:51,Truck_6,14.687,-33.9771,453,25.8,78.6,Detour,21,142,10,85.7,180,0,4,0,18,0,0,0.6086956521739131,False,True,False,False
2024-04-08 19:43:53,Truck_8,-30.6957,29.255,134,19.9,67.5,Detour,42,421,5,77.6,183,0,4,0,19,0,0,0.52,False,True,False,False
2024-04-09 22:12:14,Truck_5,48.352,-54.56,378,23.3,78.7,Clear,17,364,8,96.1,230,0,4,1,22,0,0,0.4166666666666667,False,True,False,False
2024-04-11 04:39:16,Truck_10,-33.9528,-54.2201,384,24.2,72.5,Heavy,50,131,3,80.1,141,1,4,3,4,0,0,0.5333333333333333,False,True,False,True
2024-04-11 04:50:12,Truck_8,38.1095,164.7654,131,19.1,73.3,Heavy,10,353,3,89.4,149,1,4,3,4,0,0,0.5,False,False,False,True
2024-04-11 06:00:56,Truck_8,-9.7509,-86.2981,227,28.3,62.8,Detour,30,400,4,68.2,194,1,4,3,6,0,0,0.5185185185185185,False,False,True,False
2024-04-12 10:58:21,Truck_6,-82.1416,-91.8925,342,25.1,52.4,Clear,24,103,2,88.0,209,0,4,4,10,0,0,0.5833333333333334,True,False,False,False
2024-04-12 15:44:47,Truck_10,89.3898,-93.1034,120,22.6,56.4,Clear,60,151,9,69.9,194,0,4,4,15,0,0,0.5666666666666667,True,False,False,True
2024-04-12 19:29:51,Truck_10,-51.6025,114.3963,428,28.6,77.7,Heavy,14,175,9,96.2,115,1,4,4,19,0,0,0.5333333333333333,False,True,True,False
2024-04-12 19:45:26,Truck_2,42.6126,-69.5408,243,28.9,57.8,Clear,33,277,10,84.4,151,0,4,4,19,0,0,0.5333333333333333,False,True,True,False
2024-04-13 17:33:52,Truck_4,-87.4042,-127.3269,197,23.3,53.5,Heavy,41,259,9,91.3,211,1,4,5,17,1,0,0.7,True,False,False,True
2024-04-14 08:17:18,Truck_3,-49.2845,40.5814,241,21.4,70.9,Clear,48,121,4,75.3,195,1,4,6,8,1,0,0.5333333333333333,False,False,False,True
2024-04-15 04:40:07,Truck_2,-40.284,-86.8089,310,22.8,64.4,Heavy,33,104,2,98.9,110,1,4,0,4,0,0,0.5333333333333333,False,True,False,False
2024-04-15 18:58:09,Truck_7,-7.6641,-25.3717,170,25.4,55.8,Heavy,55,463,10,60.1,112,1,4,0,18,0,0,0.6153846153846154,False,False,False,True
2024-04-15 22:28:46,Truck_2,31.8571,-83.1698,149,20.9,68.1,Detour,39,274,9,71.8,138,0,4,0,22,0,0,0.5666666666666667,False,True,True,False
2024-04-15 22:37:19,Truck_2,-31.1328,175.8453,180,27.2,52.9,Clear,29,390,8,68.4,110,0,4,0,22,0,0,0.5333333333333333,True,False,False,False
2024-04-16 02:44:43,Truck_2,-19.8201,2.4374,343,26.2,62.4,Detour,18,166,7,62.3,168,1,4,1,2,0,0,0.5333333333333333,False,False,False,True
2024-04-16 03:03:08,Truck_5,19.9466,-104.4665,445,25.7,50.8,Heavy,28,414,2,75.5,140,1,4,1,3,0,0,0.4,True,False,False,True
2024-04-16 04:37:24,Truck_7,16.2591,175.1485,337,21.1,64.4,Detour,49,226,2,89.6,298,0,4,1,4,0,0,0.6296296296296297,True,False,True,False
2024-04-16 08:03:32,Truck_6,-76.5757,-52.269,246,19.4,56.3,Clear,16,406,9,65.7,140,0,4,1,8,0,0,0.56,True,False,False,True
2024-04-16 21:31:53,Truck_3,47.7603,-137.0932,300,23.1,78.1,Detour,53,146,4,73.3,280,1,4,1,21,0,0,0.5333333333333333,False,False,False,True
2024-04-16 23:04:14,Truck_2,-39.225,-156.4228,355,19.2,62.2,Clear,10,137,2,67.0,269,1,4,1,23,0,0,0.5666666666666667,False,False,True,False
2024-04-17 17:28:32,Truck_10,-21.5633,-12.8487,419,26.1,62.0,Heavy,19,484,8,96.4,262,1,4,2,17,0,0,0.5333333333333333,True,False,False,False
2024-04-17 20:13:18,Truck_9,67.9086,-140.0283,318,26.0,77.4,Clear,19,314,2,70.2,250,0,4,2,20,0,0,0.5384615384615384,True,False,False,False
2024-04-18 04:50:13,Truck_5,-36.6154,-46.3008,468,26.6,59.0,Heavy,16,144,4,86.8,276,1,4,3,4,0,0,0.4230769230769231,True,False,False,True
2024-04-18 08:51:00,Truck_1,9.3294,-71.5299,211,23.7,66.7,Heavy,36,149,1,60.7,256,1,4,3,8,0,0,0.5714285714285714,True,False,False,False
2024-04-18 12:04:40,Truck_8,-86.157,-92.4652,378,29.5,61.7,Detour,13,305,8,98.5,211,1,4,3,12,0,0,0.5357142857142857,False,False,False,False
2024-04-18 23:06:56,Truck_2,-76.791,18.3631,276,18.0,64.3,Heavy,10,361,5,88.6,242,1,4,3,23,0,0,0.5666666666666667,True,False,False,False
2024-04-19 02:50:29,Truck_7,33.8716,36.8753,422,26.5,75.0,Heavy,39,100,6,67.2,127,1,4,4,2,0,0,0.6071428571428571,False,False,False,False
2024-04-19 08:18:04,Truck_1,-8.0714,-158.0304,210,24.7,65.0,Heavy,50,185,10,84.1,140,1,4,4,8,0,0,0.5862068965517241,False,True,False,False
2024-04-20 00:14:34,Truck_3,-58.2175,7.2699,441,25.0,75.4,Heavy,58,149,10,61.3,247,1,4,5,0,1,0,0.5333333333333333,False,True,True,False
2024-04-20 09:54:18,Truck_2,28.9964,151.6114,134,29.2,55.5,Detour,34,189,1,87.8,270,1,4,5,9,1,0,0.5666666666666667,False,False,False,True
2024-04-21 03:47:52,Truck_4,55.919,-39.578,220,28.2,55.4,Clear,10,203,8,81.1,281,0,4,6,3,1,0,0.7333333333333333,False,True,False,True
2024-04-21 07:23:11,Truck_10,82.6307,-111.6216,260,23.2,56.3,Clear,57,329,7,77.9,258,0,4,6,7,1,0,0.5333333333333333,True,False,False,False
2024-04-21 07:25:56,Truck_2,-41.7908,84.2001,438,24.3,78.8,Detour,33,322,7,79.0,206,1,4,6,7,1,0,0.6,False,False,False,True
2024-04-21 16:13:53,Truck_8,-75.0605,-52.5256,231,24.3,57.8,Clear,56,368,7,87.2,203,0,4,6,16,1,0,0.5517241379310345,True,False,False,True
2024-04-21 22:20:02,Truck_8,-0.5646,175.2938,162,29.4,65.9,Detour,40,262,2,61.5,298,0,4,6,22,1,0,0.5333333333333333,True,False,True,False
2024-04-22 01:56:59,Truck_4,-53.9329,30.3236,496,23.4,71.6,Clear,15,451,3,76.3,235,0,4,0,1,0,0,0.7,False,True,False,True
2024-04-22 10:55:19,Truck_9,-83.2534,-166.3309,152,21.2,70.3,Clear,10,467,10,61.5,269,1,4,0,10,0,0,0.5185185185185185,False,False,False,False
2024-04-22 22:47:46,Truck_2,-60.0975,-13.7518,495,23.8,69.8,Heavy,22,487,9,86.1,108,1,4,0,22,0,0,0.6333333333333333,False,True,False,True
2024-04-23 08:06:46,Truck_10,9.8934,13.9028,338,28.7,65.6,Heavy,45,348,8,96.1,230,1,4,1,8,0,0,0.5,True,False,True,False
2024-04-23 16:50:45,Truck_1,-78.4723,-82.615,294,24.4,65.2,Detour,23,439,8,65.0,213,0,4,1,16,0,0,0.6,True,False,True,False
2024-04-23 18:51:26,Truck_2,33.9665,-46.5423,225,26.1,75.8,Heavy,41,286,3,72.9,224,1,4,1,18,0,0,0.6333333333333333,False,True,False,False
2024-04-24 00:08:50,Truck_4,-0.1019,99.8069,451,27.5,56.7,Clear,23,446,6,62.1,203,0,4,2,0,0,0,0.6666666666666666,True,False,True,False
2024-04-24 00:54:49,Truck_7,-2.8329,-29.9102,338,28.9,55.5,Detour,39,181,2,88.6,143,0,4,2,0,0,0,0.6206896551724138,False,True,False,False
2024-04-24 05:44:05,Truck_10,-63.1722,145.3756,353,22.0,66.8,Heavy,27,327,9,71.2,146,1,4,2,5,0,0,0.5333333333333333,False,True,True,False
2024-04-24 06:17:22,Truck_10,80.3158,70.765,223,24.0,60.2,Heavy,45,292,6,78.4,205,1,4,2,6,0,0,0.5333333333333333,False,False,False,True
2024-04-24 17:57:19,Truck_6,-30.4204,70.9998,286,25.1,56.2,Detour,50,408,10,99.3,148,0,4,2,17,0,0,0.5384615384615384,False,True,True,False
2024-04-24 20:50:47,Truck_4,-19.3929,-10.2537,103,24.8,79.3,Heavy,22,393,9,88.6,108,1,4,2,20,0,0,0.6333333333333333,False,True,False,True
2024-04-24 22:27:28,Truck_6,-3.7401,43.2693,497,28.2,68.2,Detour,47,184,6,63.8,251,0,4,2,22,0,0,0.5185185185185185,False,True,True,False
2024-04-25 10:07:09,Truck_8,71.7196,-107.3427,146,26.0,57.2,Clear,47,188,4,76.0,131,1,4,3,10,0,0,0.5,False,False,False,False
2024-04-26 07:24:41,Truck_8,70.9071,-64.7863,260,18.8,55.0,Detour,13,428,2,73.9,198,0,4,4,7,0,0,0.5333333333333333,True,False,False,True
2024-04-27 03:04:28,Truck_10,-86.6606,29.6786,361,29.7,62.2,Detour,35,131,9,61.8,253,1,4,5,3,1,0,0.5666666666666667,False,False,False,False
2024-04-27 09:13:01,Truck_5,82.9727,171.1469,317,26.5,52.7,Heavy,37,427,2,69.9,233,1,4,5,9,1,0,0.4444444444444444,False,False,True,False
2024-04-27 12:02:57,Truck_10,-26.3913,-155.6326,402,21.0,66.3,Clear,52,306,10,70.1,251,0,4,5,12,1,0,0.6,True,False,False,True
2024-04-27 15:33:04,Truck_8,-42.1652,-40.9587,497,24.1,77.5,Clear,39,319,10,60.0,224,0,4,5,15,1,0,0.5333333333333333,True,False,True,False
2024-04-28 01:31:58,Truck_3,54.0537,-145.9922,326,20.0,56.6,Detour,17,260,6,67.5,162,1,4,6,1,1,0,0.5666666666666667,False,False,False,True
2024-04-28 03:36:13,Truck_6,-16.8317,-114.4787,205,23.4,61.4,Clear,31,279,2,79.1,118,0,4,6,3,1,0,0.5,False,True,True,False
2024-04-28 12:38:55,Truck_8,40.3406,159.0723,134,24.1,68.2,Heavy,35,187,6,99.9,102,1,4,6,12,1,0,0.5,False,False,False,False
2024-04-28 21:23:34,Truck_10,75.7743,108.9425,457,25.5,75.9,Clear,21,315,3,83.4,248,0,4,6,21,1,0,0.6,False,True,True,False
2024-04-29 10:31:08,Truck_2,33.0027,-70.5854,407,29.6,64.3,Heavy,10,102,6,98.5,133,1,4,0,10,0,0,0.6333333333333333,False,True,False,False
2024-04-29 11:54:26,Truck_2,35.5141,90.8087,215,21.7,73.4,Detour,17,146,9,70.4,296,1,4,0,11,0,0,0.6333333333333333,False,False,False,False
2024-04-29 15:32:06,Truck_1,-79.2933,52.6196,412,20.2,65.0,Clear,14,230,2,72.9,249,1,4,0,15,0,0,0.5666666666666667,False,False,False,False
2024-04-30 04:58:58,Truck_5,-10.4792,-177.1239,479,23.7,77.9,Detour,56,276,7,83.7,272,0,4,1,4,0,0,0.4642857142857143,True,False,False,True
2024-04-30 11:53:17,Truck_9,5.4555,-147.5455,466,26.1,72.1,Detour,54,475,9,83.4,222,0,4,1,11,0,0,0.5357142857142857,False,True,False,False
2024-04-30 12:39:49,Truck_1,-11.3392,-69.3395,106,18.3,65.9,Heavy,53,244,2,99.5,125,1,4,1,12,0,0,0.5666666666666667,False,False,True,False
2024-04-30 14:49:18,Truck_5,10.2059,98.618,381,24.4,50.1,Heavy,54,243,6,61.5,278,1,4,1,14,0,0,0.4482758620689655,True,False,False,False
2024-04-30 18:44:12,Truck_9,-31.8174,59.5716,482,18.1,76.1,Heavy,54,203,10,74.1,112,1,4,1,18,0,0,0.5172413793103449,False,False,True,False
2024-04-30 19:31:45,Truck_8,67.8612,174.7961,473,24.8,61.7,Heavy,19,360,10,97.3,186,1,4,1,19,0,0,0.5,False,False,False,True
2024-04-30 20:36:22,Truck_8,-84.9601,17.4992,386,21.8,79.7,Detour,15,463,1,75.0,224,0,4,1,20,0,0,0.5333333333333333,False,True,True,False
2024-05-01 03:13:17,Truck_3,-76.0304,112.9276,130,21.6,60.9,Clear,48,479,8,83.3,173,0,5,2,3,0,0,0.6,True,False,True,False
2024-05-01 22:26:11,Truck_6,0.0414,-130.6505,172,18.2,79.9,Clear,46,258,3,60.1,154,0,5,2,22,0,0,0.4827586206896552,True,False,False,False
2024-05-02 02:33:56,Truck_4,-66.7517,161.45,353,20.5,52.0,Heavy,26,392,7,76.4,155,1,5,3,2,0,0,0.6333333333333333,False,True,True,False
2024-05-02 09:49:37,Truck_2,-6.8584,150.6127,154,28.6,66.8,Clear,18,384,9,60.4,263,0,5,3,9,0,0,0.6666666666666666,True,False,False,True
2024-05-02 11:14:44,Truck_9,83.1243,48.4325,146,29.0,55.5,Detour,52,414,10,82.3,228,1,5,3,11,0,0,0.5333333333333333,False,False,False,False
2024-05-03 03:34:28,Truck_9,60.8032,-179.5906,238,25.0,75.8,Heavy,26,330,9,99.2,165,1,5,4,3,0,0,0.5666666666666667,False,True,False,True
2024-05-03 22:24:53,Truck_10,-21.2573,12.4574,459,26.4,50.6,Heavy,17,222,9,94.9,265,1,5,4,22,0,0,0.5666666666666667,False,True,True,False
2024-05-04 10:52:10,Truck_3,-56.5959,153.5316,147,24.9,67.6,Heavy,57,157,4,62.1,261,1,5,5,10,1,0,0.6,True,False,True,False
2024-05-04 19:24:30,Truck_4,37.3932,53.447,209,29.4,57.8,Detour,34,319,4,85.0,208,1,5,5,19,1,0,0.6333333333333333,False,False,False,False
2024-05-05 05:42:10,Truck_10,45.2617,-152.3952,290,23.7,53.5,Detour,44,237,5,85.8,270,0,5,6,5,1,0,0.6,True,False,False,False
2024-05-06 07:22:22,Truck_3,-80.5883,-167.4673,269,27.7,57.5,Detour,54,288,6,89.8,116,0,5,0,7,0,0,0.6333333333333333,False,True,False,False
2024-05-06 09:16:38,Truck_9,-85.8283,163.4575,439,26.4,71.3,Clear,41,491,7,67.4,273,0,5,0,9,0,0,0.5666666666666667,True,False,True,False
2024-05-06 23:58:14,Truck_4,37.5523,145.1973,437,29.1,76.5,Clear,46,122,10,73.6,111,0,5,0,23,0,0,0.6666666666666666,False,True,False,False
2024-05-07 08:15:24,Truck_4,87.7793,-108.9268,144,25.8,65.6,Detour,23,362,10,88.9,199,1,5,1,8,0,0,0.6333333333333333,False,False,True,False
2024-05-07 12:49:54,Truck_2,77.436,42.529,249,24.3,78.8,Heavy,13,125,2,78.7,165,1,5,1,12,0,0,0.6666666666666666,True,False,False,False
2024-05-08 01:51:55,Truck_8,-70.3213,-61.9179,171,25.5,51.1,Detour,43,114,1,92.5,149,0,5,2,1,0,0,0.5333333333333333,True,False,False,True
2024-05-08 02:13:49,Truck_8,-24.1694,30.0335,170,26.4,51.6,Detour,47,278,3,96.4,105,1,5,2,2,0,0,0.5,False,False,False,False
2024-05-08 03:54:27,Truck_10,84.3451,-106.877,453,21.8,66.4,Clear,48,305,2,68.9,212,1,5,2,3,0,0,0.5666666666666667,False,False,False,False
2024-05-08 10:09:06,Truck_6,-43.4171,160.8423,128,23.0,69.7,Clear,30,462,8,76.7,105,1,5,2,10,0,0,0.4666666666666667,False,False,False,False
2024-05-09 04:02:20,Truck_7,-68.3712,-65.9802,107,21.9,74.1,Heavy,51,413,1,84.9,257,1,5,3,4,0,0,0.6,False,False,False,True
2024-05-09 18:49:33,Truck_10,10.2078,36.857,100,21.9,72.1,Detour,22,413,1,67.5,145,0,5,3,18,0,0,0.5666666666666667,False,True,False,True
2024-05-10 06:01:32,Truck_5,6.7867,-133.6343,356,18.9,71.7,Clear,25,368,1,66.1,228,0,5,4,6,0,0,0.4666666666666667,True,False,True,False
2024-05-10 22:14:19,Truck_10,86.3368,29.4478,448,23.4,59.9,Detour,41,120,10,70.8,150,1,5,4,22,0,0,0.5666666666666667,False,False,False,True
2024-05-11 05:18:46,Truck_7,86.6678,-139.6955,330,26.9,62.9,Detour,47,382,6,90.3,115,0,5,5,5,1,0,0.6,True,False,False,True
2024-05-11 12:13:27,Truck_5,20.6546,79.9499,194,22.9,69.7,Clear,11,140,4,84.7,293,0,5,5,12,1,0,0.43333333333333335,False,True,False,True
2024-05-12 13:40:05,Truck_3,43.7523,149.8334,197,20.0,69.6,Detour,42,314,3,87.2,201,0,5,6,13,1,0,0.6333333333333333,False,True,True,False
2024-05-12 17:51:01,Truck_9,-47.154,6.9021,290,27.6,71.8,Heavy,50,460,7,95.9,118,1,5,6,17,1,0,0.5666666666666667,False,True,False,False
2024-05-12 20:36:13,Truck_6,71.1182,-120.1134,268,20.3,78.1,Detour,30,102,6,91.7,132,1,5,6,20,1,0,0.4666666666666667,False,False,False,True
2024-05-12 21:29:39,Truck_8,-28.8542,119.5019,309,22.8,52.8,Clear,19,101,2,85.5,242,0,5,6,21,1,0,0.5333333333333333,True,False,False,False
2024-05-13 03:20:21,Truck_1,-55.4768,18.2551,261,22.5,78.4,Clear,41,209,6,71.8,240,1,5,0,3,0,0,0.5666666666666667,False,False,False,False
2024-05-13 09:05:25,Truck_7,81.79,-52.7516,362,18.3,57.6,Heavy,58,437,8,66.8,123,1,5,0,9,0,0,0.6,True,False,False,False
2024-05-13 14:10:55,Truck_8,40.5478,147.0261,494,19.2,58.4,Clear,52,231,10,89.5,201,1,5,0,14,0,0,0.5333333333333333,False,False,False,True
2024-05-14 13:25:22,Truck_6,-8.4586,44.4779,342,22.6,55.5,Detour,35,119,3,73.9,199,0,5,1,13,0,0,0.5,False,True,False,False
2024-05-16 01:51:29,Truck_10,44.4715,61.1203,430,25.0,53.4,Detour,30,251,4,77.6,119,1,5,3,1,0,0,0.5666666666666667,False,False,False,False
2024-05-16 07:34:11,Truck_2,-21.308,-14.9017,277,23.5,63.9,Heavy,11,292,8,67.5,234,1,5,3,7,0,0,0.6666666666666666,False,True,False,True
2024-05-16 20:34:06,Truck_9,-12.2288,-74.7801,212,20.6,50.5,Clear,41,498,5,94.1,162,0,5,3,20,0,0,0.5666666666666667,True,False,False,False
2024-05-17 11:54:58,Truck_5,-11.6172,47.739,135,24.7,67.1,Heavy,26,380,7,64.6,109,1,5,4,11,0,0,0.43333333333333335,False,False,True,False
2024-05-17 19:53:30,Truck_2,81.1,113.2247,224,26.4,75.4,Detour,23,234,4,86.6,131,1,5,4,19,0,0,0.6666666666666666,False,False,False,False
2024-05-17 21:00:51,Truck_8,-82.2616,-141.825,325,26.2,64.3,Clear,31,491,7,60.7,290,0,5,4,21,0,0,0.5666666666666667,False,True,False,False
2024-05-18 10:00:52,Truck_10,-36.8549,164.7618,483,29.2,65.0,Heavy,57,167,8,96.8,245,1,5,5,10,1,0,0.6,False,True,False,False
2024-05-18 14:34:50,Truck_3,62.9549,134.6387,177,24.7,70.6,Heavy,58,301,1,82.7,254,1,5,5,14,1,0,0.6333333333333333,False,True,False,False
2024-05-19 11:10:13,Truck_2,57.555,179.2349,448,21.5,55.7,Heavy,55,500,2,86.7,173,1,5,6,11,1,0,0.6666666666666666,False,True,False,False
2024-05-21 02:30:18,Truck_1,-75.6177,-156.976,216,26.9,67.2,Detour,35,181,10,86.2,185,0,5,1,2,0,0,0.5666666666666667,False,True,False,True
2024-05-21 02:33:29,Truck_8,-14.7713,-117.3565,345,21.3,53.6,Clear,35,388,4,83.5,159,1,5,1,2,0,0,0.5333333333333333,False,False,False,True
2024-05-22 03:32:11,Truck_8,-49.145,-120.0898,399,20.1,74.2,Detour,54,317,8,88.2,143,1,5,2,3,0,0,0.5333333333333333,False,False,False,False
2024-05-22 04:50:14,Truck_1,-10.9298,-89.0306,247,18.3,56.7,Heavy,60,194,6,66.8,192,1,5,2,4,0,0,0.5666666666666667,False,False,False,False
2024-05-23 15:33:36,Truck_2,45.8603,148.4775,179,25.5,75.8,Clear,19,139,9,83.5,282,0,5,3,15,0,0,0.6666666666666666,True,False,True,False
2024-05-23 20:20:51,Truck_6,77.998,-97.0043,272,19.0,72.1,Detour,32,113,6,94.9,119,0,5,3,20,0,0,0.4666666666666667,False,True,False,False
2024-05-23 22:03:43,Truck_5,46.7637,-146.4348,268,23.9,79.2,Clear,41,295,9,69.5,146,0,5,3,22,0,0,0.4666666666666667,True,False,False,False
2024-05-23 23:23:37,Truck_5,-71.1004,-147.757,318,25.5,64.3,Heavy,15,215,8,69.1,158,1,5,3,23,0,0,0.4666666666666667,False,False,True,False
2024-05-24 00:02:16,Truck_6,63.5554,151.4083,187,18.9,60.3,Clear,34,223,1,85.3,197,1,5,4,0,0,0,0.43333333333333335,False,False,False,True
2024-05-25 03:48:33,Truck_4,-50.7255,49.2993,443,23.6,66.6,Detour,42,333,9,93.1,143,0,5,5,3,1,0,0.6333333333333333,True,False,True,False
2024-05-25 08:22:12,Truck_8,9.1346,9.0052,320,24.3,77.0,Clear,56,410,3,73.4,141,0,5,5,8,1,0,0.5666666666666667,False,True,True,False
2024-05-25 08:35:36,Truck_8,23.9115,179.0046,194,24.9,57.9,Detour,10,220,3,77.3,172,1,5,5,8,1,0,0.5333333333333333,False,False,False,False
2024-05-26 01:53:03,Truck_1,-49.5057,174.3533,385,24.3,59.4,Clear,37,239,3,88.3,148,0,5,6,1,1,0,0.6,False,True,False,False
2024-05-26 14:30:07,Truck_1,25.1355,-2.6802,469,26.2,65.0,Clear,19,477,2,96.9,206,0,5,6,14,1,0,0.6,False,True,False,False
2024-05-27 05:13:33,Truck_2,-9.2287,107.9306,329,25.0,51.2,Detour,53,233,5,67.2,188,0,5,0,5,0,0,0.6666666666666666,True,False,False,False
2024-05-27 07:26:13,Truck_1,-19.5574,-65.5493,258,25.2,67.6,Clear,32,484,7,98.8,191,0,5,0,7,0,0,0.5666666666666667,False,True,True,False
2024-05-27 08:38:06,Truck_6,-66.0724,48.2597,145,18.8,62.6,Detour,14,408,9,81.3,138,0,5,0,8,0,0,0.4666666666666667,True,False,False,True
2024-05-27 09:56:34,Truck_6,-33.9378,-176.3102,324,27.7,54.8,Clear,46,344,10,70.7,105,0,5,0,9,0,0,0.43333333333333335,False,True,True,False
2024-05-27 10:59:49,Truck_6,3.8431,91.0078,274,19.3,51.4,Heavy,57,279,10,75.3,127,1,5,0,10,0,0,0.43333333333333335,False,False,False,False
2024-05-27 19:21:26,Truck_1,-84.5861,-56.9044,171,28.8,59.3,Clear,56,437,10,99.6,235,0,5,0,19,0,0,0.5333333333333333,False,True,False,False
2024-05-28 06:29:51,Truck_10,87.5129,-65.0922,224,21.7,78.5,Clear,20,428,7,72.4,287,1,5,1,6,0,0,0.6333333333333333,False,False,False,False
2024-05-28 16:24:39,Truck_4,-85.6005,35.8883,271,23.6,74.2,Clear,30,214,5,72.1,132,0,5,1,16,0,0,0.6,False,True,True,False
2024-05-29 06:49:50,Truck_9,-40.8724,-42.3243,213,20.2,63.7,Clear,16,248,10,68.8,136,1,5,2,6,0,0,0.5666666666666667,False,False,False,False
2024-05-29 19:41:42,Truck_2,53.0221,110.4363,249,21.4,56.6,Detour,49,398,10,67.3,279,0,5,2,19,0,0,0.6333333333333333,False,True,False,False
2024-05-30 01:04:50,Truck_4,-68.8006,159.004,148,25.0,60.7,Clear,43,196,4,64.6,240,0,5,3,1,0,0,0.6,True,False,False,False
2024-05-30 08:29:11,Truck_10,-81.2116,13.9727,105,27.1,59.8,Clear,36,409,7,75.7,290,1,5,3,8,0,0,0.6666666666666666,False,False,True,False
2024-05-30 11:30:34,Truck_3,51.1598,-170.9311,354,26.9,65.5,Heavy,14,245,4,73.4,151,1,5,3,11,0,0,0.6333333333333333,True,False,False,False
2024-05-30 15:40:45,Truck_4,5.1238,-67.8583,298,18.9,65.9,Detour,41,269,2,64.8,234,0,5,3,15,0,0,0.6,True,False,False,False
2024-05-30 23:00:59,Truck_9,-53.6993,79.0096,251,22.8,62.9,Heavy,52,173,3,72.9,268,1,5,3,23,0,0,0.5666666666666667,False,False,False,False
2024-05-31 03:05:32,Truck_3,49.4007,-106.1531,252,28.0,66.5,Detour,44,298,6,72.8,150,1,5,4,3,0,0,0.6333333333333333,False,False,True,False
2024-05-31 15:07:16,Truck_1,-20.0991,20.1825,224,20.2,58.9,Heavy,34,166,6,84.6,105,1,5,4,15,0,0,0.5,False,False,False,False
2024-05-31 23:20:31,Truck_2,49.7212,179.2025,227,26.1,65.7,Detour,47,247,8,77.8,135,0,5,4,23,0,0,0.6333333333333333,True,False,True,False
2024-06-01 00:41:56,Truck_6,21.8816,128.7922,348,25.8,62.9,Detour,24,352,6,96.5,164,1,6,5,0,1,0,0.43333333333333335,False,False,False,True
2024-06-01 20:00:16,Truck_4,18.1183,116.4939,187,23.3,71.7,Heavy,10,209,10,97.2,151,1,6,5,20,1,0,0.5666666666666667,False,False,True,False
2024-06-02 00:24:04,Truck_8,-75.598,11.134,480,24.9,77.8,Heavy,53,318,3,69.5,181,1,6,6,0,1,0,0.5333333333333333,False,True,False,False
2024-06-02 09:09:21,Truck_4,-49.1811,-94.1515,171,21.3,66.1,Clear,57,125,8,98.9,249,0,6,6,9,1,0,0.5666666666666667,True,False,False,False
2024-06-02 10:54:33,Truck_7,-36.2517,72.4728,108,27.9,65.6,Heavy,46,138,4,82.7,173,1,6,6,10,1,0,0.6,True,False,True,False
2024-06-02 19:16:49,Truck_8,30.7119,111.5767,167,23.8,71.6,Clear,55,416,8,60.7,263,1,6,6,19,1,0,0.5333333333333333,False,False,True,False
2024-06-03 09:40:42,Truck_10,30.8916,173.4833,245,22.0,61.2,Detour,22,480,6,89.3,284,0,6,0,9,0,0,0.7,True,False,False,True
2024-06-03 20:17:37,Truck_8,-54.3571,-133.1938,276,19.6,53.4,Heavy,38,408,2,89.2,118,1,6,0,20,0,0,0.5666666666666667,True,False,True,False
2024-06-04 16:47:14,Truck_7,15.2159,-55.6814,441,25.3,72.9,Clear,47,152,4,67.4,256,0,6,1,16,0,0,0.6,False,True,False,True
2024-06-05 07:32:41,Truck_8,-7.1543,-132.8372,381,18.0,53.0,Clear,25,398,9,94.6,100,0,6,2,7,0,0,0.6,True,False,False,True
2024-06-05 08:51:03,Truck_9,-56.8231,71.5841,201,27.5,53.1,Clear,10,169,3,65.1,242,0,6,2,8,0,0,0.5666666666666667,False,True,False,False
2024-06-05 18:09:34,Truck_6,-86.0858,117.8697,100,22.3,72.3,Detour,43,256,5,92.8,101,0,6,2,18,0,0,0.43333333333333335,False,True,False,False
2024-06-05 19:19:16,Truck_3,-22.1005,-38.8449,484,29.1,54.7,Detour,48,320,7,84.6,118,0,6,2,19,0,0,0.6333333333333333,True,False,False,True
2024-06-06 04:02:08,Truck_1,-9.7179,-117.0145,391,25.5,73.7,Detour,31,472,10,77.2,109,0,6,3,4,0,0,0.5333333333333333,False,True,False,True
2024-06-06 22:52:41,Truck_3,-0.9333,124.8495,305,27.4,50.8,Clear,34,474,1,82.0,226,1,6,3,22,0,0,0.6333333333333333,False,False,False,False
2024-06-07 06:45:59,Truck_3,-6.2311,173.6264,402,27.0,74.2,Heavy,17,155,10,73.4,281,1,6,4,6,0,0,0.6333333333333333,True,False,True,False
2024-06-07 10:37:34,Truck_5,75.223,158.8602,177,19.9,58.4,Clear,57,335,5,98.6,283,1,6,4,10,0,0,0.4666666666666667,False,False,False,True
2024-06-08 09:09:10,Truck_4,72.3311,-105.9002,312,19.1,52.0,Detour,50,263,2,87.6,123,1,6,5,9,1,0,0.5333333333333333,False,False,False,False
2024-06-08 16:49:23,Truck_10,27.3884,-85.6938,117,23.9,64.3,Clear,16,175,8,73.9,270,1,6,5,16,1,0,0.6666666666666666,False,False,False,False
2024-06-09 06:11:00,Truck_8,-20.984,-125.2428,316,19.8,70.6,Detour,18,194,4,95.8,240,1,6,6,6,1,0,0.6,False,False,False,False
2024-06-09 17:12:12,Truck_4,-49.6846,-63.2892,257,23.1,59.1,Clear,56,451,3,93.8,248,1,6,6,17,1,0,0.5333333333333333,False,False,False,True
2024-06-10 09:00:08,Truck_7,68.1545,43.8007,246,22.0,58.1,Heavy,54,128,7,61.0,265,1,6,0,9,0,0,0.5666666666666667,False,True,True,False
2024-06-11 04:47:07,Truck_8,35.7913,6.3765,495,20.6,71.5,Heavy,32,166,2,62.5,282,1,6,1,4,0,0,0.6,True,False,False,True
2024-06-11 08:04:09,Truck_4,-63.2064,30.0818,118,21.8,52.1,Clear,19,421,8,99.1,284,1,6,1,8,0,0,0.5333333333333333,False,False,False,False
2024-06-11 23:38:53,Truck_2,-16.3804,-119.0546,459,27.2,78.5,Heavy,22,323,7,87.3,271,1,6,1,23,0,0,0.6333333333333333,False,True,False,False
2024-06-12 02:49:27,Truck_6,64.0395,-151.7045,336,27.4,58.9,Detour,49,100,10,70.7,236,0,6,2,2,0,0,0.43333333333333335,False,True,False,True
2024-06-12 09:44:35,Truck_5,25.3254,132.6264,231,19.4,66.6,Heavy,32,289,8,77.6,240,1,6,2,9,0,0,0.4666666666666667,True,False,False,False
2024-06-13 00:29:04,Truck_1,44.2477,175.0702,143,21.6,64.1,Detour,32,307,10,64.0,168,0,6,3,0,0,0,0.5333333333333333,True,False,True,False
2024-06-13 01:08:32,Truck_2,57.3299,-54.7962,357,27.4,55.5,Detour,43,207,2,60.5,111,0,6,3,1,0,0,0.6333333333333333,False,True,False,True
2024-06-13 04:47:01,Truck_6,-48.053,-175.0849,340,27.9,69.1,Clear,32,162,2,90.9,300,0,6,3,4,0,0,0.4,False,True,False,True
2024-06-13 13:04:28,Truck_2,-35.6424,-106.7595,415,22.2,65.8,Heavy,18,287,2,61.1,256,1,6,3,13,0,0,0.6333333333333333,False,False,True,False
2024-06-14 10:30:32,Truck_6,-86.6472,76.1641,190,27.8,62.2,Detour,41,238,2,90.2,122,1,6,4,10,0,0,0.4,False,False,False,False
2024-06-14 17:14:20,Truck_4,51.9327,-102.4309,475,29.3,62.8,Clear,29,359,9,95.1,122,0,6,4,17,0,0,0.5333333333333333,True,False,False,False
2024-06-14 18:40:07,Truck_3,-47.5239,58.4771,298,19.6,76.1,Heavy,22,396,7,65.0,230,1,6,4,18,0,0,0.6333333333333333,False,False,False,False
2024-06-15 00:46:44,Truck_4,15.5281,-170.3941,302,24.6,60.6,Heavy,30,431,3,76.0,127,1,6,5,0,1,0,0.5333333333333333,False,False,False,False
2024-06-15 02:50:21,Truck_7,68.1229,9.8155,382,20.6,72.8,Heavy,10,128,1,79.2,157,1,6,5,2,1,0,0.5666666666666667,True,False,False,True
2024-06-15 11:59:39,Truck_5,88.5686,-161.7382,450,18.7,56.4,Detour,12,140,8,61.9,160,1,6,5,11,1,0,0.5,False,False,False,False
2024-06-15 14:24:59,Truck_2,-58.2884,-53.9833,277,18.2,75.1,Clear,60,122,10,65.0,147,0,6,5,14,1,0,0.6666666666666666,False,True,False,False
2024-06-16 11:37:07,Truck_4,-82.4812,139.058,481,24.0,72.5,Detour,34,152,4,79.8,299,0,6,6,11,1,0,0.5666666666666667,True,False,False,False
2024-06-17 02:43:31,Truck_4,-59.1914,-125.4515,414,18.3,76.4,Detour,42,332,10,66.3,249,1,6,0,2,0,0,0.5666666666666667,False,False,True,False
2024-06-17 07:59:24,Truck_9,79.1172,178.4934,422,19.6,53.3,Heavy,40,205,5,86.1,242,1,6,0,7,0,0,0.5666666666666667,False,False,False,True
2024-06-17 12:40:13,Truck_6,63.7701,163.2651,193,22.1,68.2,Heavy,29,231,3,69.7,198,1,6,0,12,0,0,0.4,False,False,False,True
2024-06-17 14:27:56,Truck_6,-71.8307,-53.6072,274,21.5,74.0,Heavy,23,448,5,74.7,200,1,6,0,14,0,0,0.4,True,False,False,False
2024-06-17 14:43:11,Truck_9,0.4055,97.6022,266,23.5,60.2,Heavy,57,108,2,65.5,202,1,6,0,14,0,0,0.6,True,False,True,False
2024-06-18 12:57:05,Truck_6,4.8496,-60.7988,277,29.3,50.7,Heavy,24,242,2,93.4,271,1,6,1,12,0,0,0.4,True,False,False,False
2024-06-20 08:17:55,Truck_1,-11.1333,-40.0454,316,26.8,53.5,Clear,35,402,10,93.6,206,1,6,3,8,0,0,0.5,False,False,False,False
2024-06-20 11:18:46,Truck_1,-56.0674,82.9431,410,28.9,60.3,Clear,32,436,1,77.2,272,0,6,3,11,0,0,0.5,True,False,False,False
2024-06-20 13:30:09,Truck_6,-63.6304,164.185,208,22.5,65.9,Heavy,38,462,7,83.1,193,1,6,3,13,0,0,0.43333333333333335,False,False,False,True
2024-06-20 13:57:57,Truck_10,59.3783,74.9628,300,27.4,52.8,Detour,35,431,10,81.2,120,0,6,3,13,0,0,0.7,True,False,False,False
2024-06-21 04:12:55,Truck_6,25.5135,-147.3897,117,29.7,63.7,Clear,17,159,8,77.0,106,0,6,4,4,0,0,0.43333333333333335,False,True,False,False
2024-06-21 10:02:05,Truck_3,48.9598,-160.9134,165,28.8,51.6,Heavy,49,410,8,88.4,291,1,6,4,10,0,0,0.6333333333333333,False,False,False,False
2024-06-21 20:31:34,Truck_7,84.0872,85.2383,186,24.1,72.0,Detour,26,131,4,68.2,189,1,6,4,20,0,0,0.6,False,False,False,False
2024-06-22 06:59:47,Truck_8,-61.1518,140.8152,407,19.9,50.7,Heavy,55,421,1,87.2,237,1,6,5,6,1,0,0.6333333333333333,False,True,False,False
2024-06-22 07:42:17,Truck_10,-58.6928,165.8667,180,25.4,50.4,Heavy,32,246,2,65.4,203,1,6,5,7,1,0,0.6666666666666666,False,False,False,False
2024-06-22 13:26:02,Truck_6,-33.8378,73.3221,310,18.7,54.7,Clear,52,232,9,72.6,113,0,6,5,13,1,0,0.43333333333333335,False,True,True,False
2024-06-23 03:05:18,Truck_7,-8.6011,-63.1274,377,22.7,75.5,Clear,59,445,7,99.1,272,0,6,6,3,1,0,0.6,False,True,False,False
2024-06-23 22:08:31,Truck_6,52.1635,10.8296,328,29.8,53.5,Clear,54,144,6,78.0,158,0,6,6,22,1,0,0.4,True,False,False,True
2024-06-24 01:25:10,Truck_7,79.2334,166.4549,179,20.6,53.6,Heavy,36,480,7,72.1,246,1,6,0,1,0,0,0.6,True,False,False,False
2024-06-25 00:01:12,Truck_9,43.3353,-12.0683,422,20.0,62.9,Heavy,14,184,9,64.0,248,1,6,1,0,0,0,0.6333333333333333,True,False,True,False
2024-06-25 01:52:28,Truck_9,27.4253,90.1386,433,24.0,77.8,Clear,37,173,9,89.6,143,1,6,1,1,0,0,0.6666666666666666,False,False,False,True
2024-06-25 02:26:25,Truck_3,-22.427,108.2306,435,25.8,78.6,Heavy,22,220,7,90.8,101,1,6,1,2,0,0,0.6666666666666666,True,False,True,False
2024-06-25 02:35:14,Truck_9,78.3252,15.2758,421,26.3,68.8,Heavy,53,128,6,76.6,100,1,6,1,2,0,0,0.7,False,False,False,False
2024-06-25 12:15:28,Truck_9,-4.5863,71.7337,319,18.0,63.6,Detour,23,473,7,83.0,187,1,6,1,12,0,0,0.7,False,False,False,True
2024-06-26 08:09:13,Truck_7,-76.307,5.0298,488,25.2,63.9,Heavy,19,219,4,100.0,184,1,6,2,8,0,0,0.6333333333333333,True,False,False,True
2024-06-26 09:25:46,Truck_7,-85.0916,68.3039,142,28.4,67.3,Detour,30,181,6,84.3,104,1,6,2,9,0,0,0.6333333333333333,False,False,False,True
2024-06-26 11:19:42,Truck_5,3.0051,-89.4957,424,23.2,50.2,Clear,55,385,9,83.2,228,0,6,2,11,0,0,0.5333333333333333,True,False,False,True
2024-06-26 19:58:52,Truck_2,84.0215,75.4829,236,19.4,57.2,Heavy,13,368,2,83.7,276,1,6,2,19,0,0,0.6333333333333333,True,False,False,True
2024-06-26 20:47:39,Truck_8,-48.8409,171.332,233,25.3,52.8,Detour,19,123,7,92.3,192,1,6,2,20,0,0,0.6333333333333333,False,False,False,True
2024-06-27 16:27:20,Truck_2,-15.8011,138.7785,426,22.0,73.1,Clear,29,392,5,94.6,236,0,6,3,16,0,0,0.6333333333333333,False,True,False,False
2024-06-28 07:17:35,Truck_9,-1.8123,-156.207,474,29.2,66.1,Heavy,26,318,5,96.2,110,1,6,4,7,0,0,0.7,False,False,False,True
2024-06-29 05:20:24,Truck_2,-82.8546,7.876,177,19.2,70.1,Clear,57,141,4,86.6,249,1,6,5,5,1,0,0.6,False,False,False,True
2024-06-29 09:51:14,Truck_3,-28.9152,114.375,416,20.7,69.1,Detour,32,139,6,91.7,221,0,6,5,9,1,0,0.6666666666666666,True,False,False,False
2024-06-29 11:16:26,Truck_7,-0.8539,-177.5496,417,26.9,70.8,Clear,44,103,7,94.7,181,1,6,5,11,1,0,0.6666666666666666,False,False,False,False
2024-06-29 19:07:17,Truck_9,57.9908,-117.5288,444,21.6,53.2,Detour,16,113,2,96.1,181,0,6,5,19,1,0,0.7,True,False,True,False
2024-06-30 04:33:59,Truck_2,0.7118,108.5142,298,27.8,76.9,Heavy,18,414,5,72.2,164,1,6,6,4,1,0,0.6,True,False,False,False
2024-06-30 04:50:57,Truck_1,-39.701,158.9084,379,23.8,78.8,Detour,22,361,5,89.3,112,1,6,6,4,1,0,0.5,False,False,False,True
2024-06-30 14:22:40,Truck_2,-28.382,-47.8231,357,29.3,73.2,Clear,22,229,7,94.3,131,0,6,6,14,1,0,0.6333333333333333,False,True,False,False
2024-07-01 16:37:53,Truck_7,33.3351,-103.926,252,24.4,72.3,Detour,54,156,6,86.8,225,1,7,0,16,0,0,0.6666666666666666,False,False,False,False
2024-07-02 03:07:27,Truck_3,72.122,89.9728,212,25.9,68.0,Heavy,32,312,6,87.6,296,1,7,1,3,0,0,0.6333333333333333,True,False,False,False
2024-07-02 13:06:51,Truck_9,16.0296,-36.3349,173,24.9,58.1,Clear,34,287,9,96.8,131,1,7,1,13,0,0,0.6666666666666666,False,False,False,False
2024-07-02 13:50:19,Truck_1,67.365,71.5047,316,26.4,60.0,Detour,36,274,1,68.2,218,1,7,1,13,0,0,0.5,False,False,False,True
2024-07-02 16:40:43,Truck_4,-53.5264,13.0019,291,24.2,67.0,Heavy,29,431,9,90.1,172,1,7,1,16,0,0,0.5666666666666667,True,False,True,False
2024-07-03 06:32:35,Truck_1,-36.3388,69.5488,119,24.4,68.2,Heavy,60,125,3,81.6,106,1,7,2,6,0,0,0.5,False,True,False,False
2024-07-03 09:52:55,Truck_8,27.3259,-116.2066,336,22.5,51.6,Detour,11,446,6,70.2,275,0,7,2,9,0,0,0.6333333333333333,False,True,False,False
2024-07-03 12:21:01,Truck_1,-28.6942,-75.4244,402,20.3,56.6,Detour,52,149,4,82.6,158,1,7,2,12,0,0,0.5333333333333333,False,False,False,True
2024-07-03 12:38:53,Truck_3,-62.6441,-34.4446,153,20.7,55.3,Detour,55,304,8,79.5,147,0,7,2,12,0,0,0.6333333333333333,True,False,False,False
2024-07-03 15:08:44,Truck_4,83.2858,-66.1069,179,25.0,71.1,Detour,60,325,1,66.8,226,1,7,2,15,0,0,0.6,False,False,False,True
2024-07-04 00:05:02,Truck_3,-76.8972,-3.6358,288,24.7,67.4,Detour,37,230,7,65.0,259,0,7,3,0,0,0,0.6333333333333333,True,False,False,False
2024-07-04 09:22:46,Truck_7,-13.1977,107.4226,271,18.7,75.4,Clear,37,210,10,72.0,120,0,7,3,9,0,0,0.7,True,False,True,False
2024-07-04 18:22:32,Truck_4,14.9079,50.1606,438,26.5,69.3,Heavy,34,378,5,88.7,256,1,7,3,18,0,0,0.6,False,False,False,True
2024-07-05 09:14:48,Truck_6,54.5973,-128.4974,324,20.7,72.4,Clear,12,173,7,95.1,243,0,7,4,9,0,0,0.4,True,False,False,False
2024-07-05 18:54:49,Truck_1,-19.6171,-163.0539,160,22.3,69.7,Detour,37,255,7,66.8,170,0,7,4,18,0,0,0.5333333333333333,True,False,True,False
2024-07-06 11:17:28,Truck_5,22.3898,3.8948,403,22.5,62.5,Clear,38,225,3,81.4,169,0,7,5,11,1,0,0.5333333333333333,False,True,False,True
2024-07-06 13:05:43,Truck_9,-31.9611,-75.8092,458,25.0,79.6,Heavy,56,303,1,73.8,206,1,7,5,13,1,0,0.6666666666666666,False,True,False,False
2024-07-06 15:59:22,Truck_3,68.132,-51.5071,167,21.6,54.6,Clear,46,240,10,60.5,278,1,7,5,15,1,0,0.6,False,False,False,True
2024-07-06 18:05:23,Truck_9,-53.5255,-1.9486,441,23.1,57.1,Clear,55,490,10,65.1,289,1,7,5,18,1,0,0.7,False,False,False,True
2024-07-06 21:09:27,Truck_1,-63.8035,61.4571,274,19.3,70.3,Detour,26,404,7,81.0,141,0,7,5,21,1,0,0.5,False,True,False,True
2024-07-07 19:49:15,Truck_2,-82.7058,-62.704,426,24.2,75.7,Clear,51,303,10,94.1,160,1,7,6,19,1,0,0.6333333333333333,False,False,False,False
2024-07-08 04:26:39,Truck_6,47.2803,32.1356,300,22.4,54.3,Heavy,23,323,5,65.5,230,1,7,0,4,0,0,0.36666666666666664,True,False,False,True
2024-07-08 11:01:23,Truck_4,-39.7867,81.5636,209,19.3,51.0,Detour,18,443,2,91.5,213,1,7,0,11,0,0,0.6,False,False,False,False
2024-07-08 14:07:29,Truck_3,69.4106,61.7368,102,25.6,76.0,Heavy,50,444,9,88.3,105,1,7,0,14,0,0,0.6333333333333333,False,False,True,False
2024-07-09 02:11:05,Truck_4,-12.7845,-147.2449,132,22.9,66.5,Clear,35,209,6,94.3,122,0,7,1,2,0,0,0.6,True,False,False,False
2024-07-09 02:12:54,Truck_5,40.784,77.2346,172,25.2,67.6,Clear,40,274,7,66.3,170,1,7,1,2,0,0,0.5,False,False,False,True
2024-07-09 10:12:42,Truck_4,51.8047,66.0193,319,22.3,50.8,Clear,52,188,8,66.4,153,0,7,1,10,0,0,0.5666666666666667,False,True,True,False
2024-07-09 23:21:47,Truck_8,-55.9854,-149.8958,153,27.5,69.9,Detour,24,118,7,62.5,237,1,7,1,23,0,0,0.6,False,False,False,True
2024-07-11 07:07:27,Truck_8,-50.8174,-40.3409,187,18.6,67.7,Clear,12,375,5,85.4,140,0,7,3,7,0,0,0.6333333333333333,False,True,False,False
2024-07-12 02:46:57,Truck_2,44.502,66.5819,144,23.0,70.3,Heavy,54,152,1,84.3,242,1,7,4,2,0,0,0.6333333333333333,False,False,False,False
2024-07-12 10:13:28,Truck_9,29.2931,-63.656,346,21.5,60.1,Clear,17,370,9,70.8,259,0,7,4,10,0,0,0.7,True,False,False,False
2024-07-13 00:23:59,Truck_4,77.5436,-156.2479,199,28.5,68.8,Heavy,18,201,2,71.2,181,1,7,5,0,1,0,0.5666666666666667,False,False,False,False
2024-07-13 15:41:00,Truck_10,-27.0315,40.2451,133,18.6,79.4,Clear,14,314,10,98.8,109,1,7,5,15,1,0,0.6666666666666666,False,False,False,False
2024-07-14 20:00:38,Truck_3,58.6218,133.4487,154,25.8,69.0,Clear,60,357,10,87.9,269,1,7,6,20,1,0,0.6333333333333333,False,False,False,False
2024-07-14 21:14:08,Truck_4,5.4618,-179.8202,157,20.9,77.1,Clear,26,499,4,91.4,214,0,7,6,21,1,0,0.5666666666666667,True,False,True,False
2024-07-15 15:42:02,Truck_7,-8.7105,-17.8347,344,21.4,53.5,Detour,23,461,9,93.4,106,1,7,0,15,0,0,0.6666666666666666,False,False,False,False
2024-07-16 02:28:08,Truck_1,-87.3835,60.4609,271,24.6,73.0,Detour,53,382,3,94.1,166,0,7,1,2,0,0,0.4666666666666667,True,False,False,False
2024-07-16 08:12:29,Truck_6,-47.5698,-81.3143,181,25.9,69.1,Heavy,44,264,9,69.9,223,1,7,1,8,0,0,0.36666666666666664,True,False,False,False
2024-07-16 16:39:04,Truck_4,-38.3158,-38.3257,382,21.6,50.5,Detour,31,160,8,94.8,261,0,7,1,16,0,0,0.5333333333333333,True,False,False,True
2024-07-16 21:14:02,Truck_4,-67.5109,-162.0537,350,21.8,60.4,Clear,15,238,3,81.1,300,1,7,1,21,0,0,0.5,False,False,False,True
2024-07-18 05:42:03,Truck_7,84.2498,-60.8861,273,20.2,72.2,Clear,19,115,5,68.8,238,1,7,3,5,0,0,0.6666666666666666,False,False,False,False
2024-07-18 11:16:58,Truck_4,51.4539,-20.8253,313,23.6,65.2,Clear,49,137,6,100.0,122,0,7,3,11,0,0,0.5333333333333333,True,False,False,False
2024-07-18 12:19:20,Truck_10,20.2969,124.1885,298,18.6,74.4,Detour,41,248,1,86.3,283,0,7,3,12,0,0,0.6666666666666666,False,True,False,False
2024-07-18 13:12:46,Truck_7,49.048,4.8896,283,19.6,75.5,Heavy,49,496,6,78.9,130,1,7,3,13,0,0,0.6666666666666666,False,False,False,True
2024-07-18 17:29:17,Truck_4,-83.8983,-128.1642,181,24.7,63.4,Heavy,25,107,8,71.3,265,1,7,3,17,0,0,0.5333333333333333,False,True,False,False
2024-07-18 23:30:52,Truck_9,-20.6524,-102.5762,228,28.7,65.0,Heavy,26,271,3,66.0,290,1,7,3,23,0,0,0.7,True,False,True,False
2024-07-19 01:06:21,Truck_8,54.8423,175.5701,331,25.6,77.8,Heavy,26,213,9,90.7,269,1,7,4,1,0,0,0.6,False,False,True,False
2024-07-19 13:04:45,Truck_7,16.1221,79.0279,332,19.2,56.9,Detour,27,357,2,87.8,217,1,7,4,13,0,0,0.6666666666666666,False,False,False,False
2024-07-19 20:10:54,Truck_8,-46.1457,161.0254,218,23.8,52.3,Detour,52,389,2,79.5,231,1,7,4,20,0,0,0.6,False,False,True,False
2024-07-20 13:33:43,Truck_6,48.2512,-106.6383,204,19.2,58.0,Heavy,50,465,8,85.2,133,1,7,5,13,1,0,0.4,False,False,False,True
2024-07-20 16:26:17,Truck_5,46.2788,41.3453,338,20.6,65.0,Detour,56,421,2,86.9,142,0,7,5,16,1,0,0.5333333333333333,False,True,False,False
2024-07-20 20:03:39,Truck_5,40.7401,110.4737,129,19.2,77.9,Detour,11,448,4,68.9,132,0,7,5,20,1,0,0.5333333333333333,True,False,False,False
2024-07-21 06:13:04,Truck_7,25.7047,150.6302,318,25.3,74.6,Clear,32,486,9,68.1,277,0,7,6,6,1,0,0.7,False,True,False,True
2024-07-21 09:43:53,Truck_1,-11.3631,83.0819,449,28.8,76.2,Clear,31,234,8,91.7,129,0,7,6,9,1,0,0.4666666666666667,True,False,True,False
2024-07-22 00:56:20,Truck_4,-49.1524,14.1164,425,22.4,65.9,Clear,30,452,10,91.4,163,1,7,0,0,0,0,0.5666666666666667,False,False,True,False
2024-07-22 11:45:54,Truck_9,-24.7838,-21.176,465,28.0,59.6,Clear,51,305,10,96.9,153,0,7,0,11,0,0,0.7,False,True,False,False
2024-07-22 16:30:00,Truck_6,89.8701,73.6867,264,26.9,70.0,Heavy,32,188,1,79.2,213,1,7,0,16,0,0,0.43333333333333335,True,False,False,True
2024-07-23 15:08:30,Truck_5,46.8609,37.8235,442,22.2,65.4,Detour,33,492,5,86.4,145,1,7,1,15,0,0,0.5,False,False,False,True
2024-07-23 23:11:06,Truck_10,49.6418,-121.3862,318,22.5,59.3,Heavy,18,331,9,97.3,273,1,7,1,23,0,0,0.6333333333333333,False,True,False,False
2024-07-23 23:58:44,Truck_5,57.2271,59.2588,158,25.9,51.3,Detour,46,308,7,64.6,115,1,7,1,23,0,0,0.5,False,False,False,False
2024-07-24 01:20:43,Truck_8,0.7577,120.0181,490,24.0,56.1,Heavy,29,463,6,81.1,134,1,7,2,1,0,0,0.6,False,False,False,False
2024-07-24 04:09:02,Truck_3,2.2208,-170.2641,132,27.5,57.2,Heavy,36,481,5,65.2,140,1,7,2,4,0,0,0.6333333333333333,True,False,True,False
2024-07-24 06:30:18,Truck_6,74.9107,17.8019,208,28.8,64.9,Clear,40,437,6,64.6,185,1,7,2,6,0,0,0.4666666666666667,False,False,False,True
2024-07-25 17:59:38,Truck_8,44.3639,134.3967,471,19.8,55.2,Clear,36,369,6,94.7,183,1,7,3,17,0,0,0.6333333333333333,False,False,False,False
2024-07-26 08:02:20,Truck_7,-37.2055,79.4485,159,25.6,76.6,Clear,25,213,5,82.2,144,0,7,4,8,0,0,0.6666666666666666,False,True,False,True
2024-07-26 10:09:34,Truck_9,-7.9899,-23.5723,355,19.8,60.9,Clear,24,226,9,62.8,243,1,7,4,10,0,0,0.6666666666666666,False,False,False,True
2024-07-26 19:10:43,Truck_5,89.2765,166.6548,378,18.9,55.5,Heavy,35,367,4,74.4,229,1,7,4,19,0,0,0.5333333333333333,False,False,False,True
2024-07-26 20:19:01,Truck_9,-79.9146,-3.8554,214,21.7,77.0,Heavy,47,187,10,97.4,175,1,7,4,20,0,0,0.6666666666666666,False,True,False,False
2024-07-27 09:16:20,Truck_9,38.5127,-17.3878,249,23.6,74.3,Detour,45,482,7,66.8,246,0,7,5,9,1,0,0.7,True,False,False,False
2024-07-27 10:13:09,Truck_1,-30.0307,157.1442,108,23.0,73.4,Clear,13,324,2,77.9,233,0,7,5,10,1,0,0.4666666666666667,True,False,False,False
2024-07-27 15:50:46,Truck_2,69.6609,38.4464,225,19.0,63.0,Heavy,17,282,6,99.6,265,1,7,5,15,1,0,0.6666666666666666,True,False,False,True
2024-07-28 07:33:03,Truck_10,88.2246,-148.6037,326,27.2,69.3,Detour,24,492,9,72.5,223,1,7,6,7,1,0,0.6333333333333333,False,False,False,True
2024-07-28 18:36:05,Truck_10,50.3574,128.5618,164,25.5,67.6,Heavy,20,188,7,60.1,268,1,7,6,18,1,0,0.6333333333333333,True,False,False,False
2024-07-28 22:29:33,Truck_5,-46.1871,9.4679,270,26.7,72.2,Heavy,35,107,10,90.8,158,1,7,6,22,1,0,0.5666666666666667,False,True,True,False
2024-07-29 00:17:00,Truck_8,69.691,148.6549,386,25.9,71.6,Clear,36,193,10,72.0,299,1,7,0,0,0,0,0.6666666666666666,False,False,False,True
2024-07-29 00:56:10,Truck_5,-70.3645,-128.8622,167,25.6,62.5,Detour,40,246,9,63.8,126,0,7,0,0,0,0,0.5666666666666667,True,False,True,False
2024-07-29 16:54:53,Truck_8,12.0938,96.8996,106,27.0,56.8,Detour,31,120,4,95.7,286,0,7,0,16,0,0,0.6666666666666666,False,True,False,True
2024-07-29 18:42:48,Truck_10,54.9232,79.5455,190,25.2,62.2,Detour,34,355,3,99.2,260,0,7,0,18,0,0,0.6666666666666666,False,True,False,False
2024-07-30 10:23:03,Truck_5,0.3773,-13.6838,226,25.4,73.7,Detour,46,138,8,75.5,298,0,7,1,10,0,0,0.5666666666666667,True,False,True,False
2024-07-31 02:07:09,Truck_6,-22.4693,149.9634,444,29.8,67.5,Clear,41,125,5,63.3,152,1,7,2,2,0,0,0.5,False,False,False,True
2024-07-31 03:43:10,Truck_10,56.2829,49.0292,201,24.4,50.8,Heavy,13,367,2,88.3,174,1,7,2,3,0,0,0.6666666666666666,False,True,False,False
2024-07-31 14:59:23,Truck_10,70.7101,-175.9865,184,24.5,54.9,Detour,23,159,7,60.2,120,1,7,2,14,0,0,0.6666666666666666,False,False,True,False
2024-07-31 17:11:19,Truck_2,84.7161,77.1114,350,23.7,59.8,Detour,42,188,10,98.6,248,0,7,2,17,0,0,0.7,True,False,False,False
2024-07-31 19:53:22,Truck_10,84.1122,-87.899,126,25.1,58.0,Detour,47,291,7,92.3,123,1,7,2,19,0,0,0.7,False,False,True,False
2024-07-31 22:16:07,Truck_4,13.7736,12.9911,298,18.8,79.5,Detour,51,393,4,74.6,110,0,7,2,22,0,0,0.5666666666666667,False,True,True,False
2024-07-31 22:57:20,Truck_7,-3.822,-40.3169,108,26.6,61.7,Detour,47,122,7,64.6,116,0,7,2,22,0,0,0.6666666666666666,True,False,False,True
2024-08-01 09:16:16,Truck_8,11.6611,44.7505,434,29.4,76.3,Heavy,30,166,1,94.6,220,1,8,3,9,0,0,0.6666666666666666,True,False,False,False
2024-08-01 21:42:48,Truck_7,-19.5759,-39.5531,481,22.8,74.7,Detour,42,157,1,65.2,259,1,8,3,21,0,0,0.6333333333333333,False,False,False,True
2024-08-02 00:10:54,Truck_2,83.3287,-84.2738,130,18.7,67.2,Clear,47,367,1,81.7,131,1,8,4,0,0,0,0.6666666666666666,False,False,True,False
2024-08-02 02:01:25,Truck_1,-87.5547,113.4629,269,25.2,57.7,Detour,20,247,2,60.9,177,0,8,4,2,0,0,0.4666666666666667,False,True,False,True
2024-08-02 06:58:21,Truck_8,67.7002,43.853,133,28.7,69.5,Detour,57,342,6,99.9,261,0,8,4,6,0,0,0.7,False,True,True,False
2024-08-03 13:26:27,Truck_5,7.0779,-165.136,403,20.6,66.1,Clear,15,461,4,77.1,263,0,8,5,13,1,0,0.5666666666666667,True,False,False,False
2024-08-03 20:36:10,Truck_6,-59.8257,-2.9502,239,28.7,64.0,Clear,35,469,3,63.9,293,0,8,5,20,1,0,0.5333333333333333,False,True,False,True
2024-08-04 03:11:01,Truck_8,-30.809,-126.7483,486,25.8,64.9,Clear,31,136,9,85.4,178,0,8,6,3,1,0,0.6666666666666666,False,True,True,False
2024-08-05 16:44:46,Truck_6,66.3417,-154.1243,498,23.8,55.9,Detour,16,381,7,67.2,131,1,8,0,16,0,0,0.5333333333333333,False,False,False,False
2024-08-05 18:45:24,Truck_9,-59.9919,-162.9143,188,22.4,78.0,Heavy,40,372,6,98.0,237,1,8,0,18,0,0,0.7,False,False,False,True
2024-08-05 22:26:07,Truck_8,49.9197,79.4653,309,20.6,77.3,Clear,60,177,5,69.2,271,0,8,0,22,0,0,0.6333333333333333,False,True,False,True
2024-08-06 04:29:22,Truck_2,-51.0247,1.8063,247,19.3,62.9,Clear,55,466,2,78.0,183,1,8,1,4,0,0,0.6666666666666666,False,False,False,True
2024-08-06 11:35:04,Truck_10,77.0042,-12.2919,427,20.3,57.3,Heavy,18,341,3,85.7,189,1,8,1,11,0,0,0.7,False,False,False,True
2024-08-06 13:23:18,Truck_6,-7.2984,-44.5918,264,29.5,67.3,Heavy,32,314,8,65.9,202,1,8,1,13,0,0,0.5666666666666667,True,False,True,False
2024-08-06 22:02:54,Truck_10,30.3691,-111.1134,377,18.2,51.7,Detour,34,306,8,87.9,139,0,8,1,22,0,0,0.7,True,False,True,False
2024-08-07 05:17:08,Truck_1,26.0226,103.2098,322,25.0,57.7,Clear,15,190,4,86.8,159,1,8,2,5,0,0,0.43333333333333335,False,False,True,False
2024-08-07 08:25:04,Truck_10,14.8779,-139.1721,269,19.0,73.6,Clear,50,307,3,68.1,102,1,8,2,8,0,0,0.7,False,False,False,False
2024-08-07 09:39:53,Truck_8,16.1144,-24.4118,488,26.5,66.6,Heavy,41,104,1,67.1,151,1,8,2,9,0,0,0.6333333333333333,True,False,False,False
2024-08-08 13:11:48,Truck_5,23.7118,-92.9098,273,19.9,63.6,Clear,27,265,8,77.0,243,0,8,3,13,0,0,0.5333333333333333,True,False,False,True
2024-08-09 01:16:43,Truck_3,76.4465,173.1493,330,24.0,52.9,Heavy,14,425,1,89.8,289,1,8,4,1,0,0,0.6666666666666666,False,False,False,False
2024-08-09 03:00:34,Truck_2,-69.408,-8.1703,451,22.5,51.6,Detour,28,421,6,68.8,107,0,8,4,3,0,0,0.6666666666666666,True,False,False,False
2024-08-09 14:23:12,Truck_3,65.9866,135.5421,209,18.6,69.6,Heavy,50,357,10,92.9,125,1,8,4,14,0,0,0.7,False,False,True,False
2024-08-09 16:48:19,Truck_5,-11.147,-97.9335,106,29.6,62.0,Heavy,54,410,9,62.3,111,1,8,4,16,0,0,0.5,False,False,False,True
2024-08-09 21:10:15,Truck_1,29.5637,-162.339,238,26.6,50.9,Heavy,59,160,1,76.8,233,1,8,4,21,0,0,0.4666666666666667,True,False,False,False
2024-08-09 21:54:31,Truck_5,-46.1616,-46.6401,359,23.0,71.7,Detour,50,486,10,64.0,169,0,8,4,21,0,0,0.5333333333333333,True,False,True,False
2024-08-10 00:04:40,Truck_8,-65.7349,-173.3011,299,23.9,50.1,Heavy,17,315,6,88.3,252,1,8,5,0,1,0,0.6666666666666666,False,False,False,False
2024-08-10 08:40:26,Truck_2,-39.88,55.1792,261,27.1,67.3,Detour,35,496,2,71.3,264,0,8,5,8,1,0,0.6333333333333333,True,False,False,True
2024-08-11 02:18:19,Truck_9,-77.3648,30.9744,368,25.0,60.7,Clear,37,382,5,82.8,225,0,8,6,2,1,0,0.7,False,True,False,True
2024-08-11 04:43:30,Truck_9,5.0095,-113.8279,145,18.2,62.2,Heavy,56,430,5,86.7,260,1,8,6,4,1,0,0.7,False,False,True,False
2024-08-11 10:28:58,Truck_10,2.2782,-158.4628,232,22.3,73.3,Heavy,19,332,4,78.6,135,1,8,6,10,1,0,0.7,True,False,False,False
2024-08-11 15:40:34,Truck_9,15.5083,115.4388,207,19.2,59.7,Detour,56,484,7,72.6,285,0,8,6,15,1,0,0.7,False,True,True,False
2024-08-12 00:54:08,Truck_1,-58.8531,45.0498,162,21.3,76.8,Detour,53,164,3,61.6,104,1,8,0,0,0,0,0.4666666666666667,False,False,False,False
2024-08-12 10:11:42,Truck_4,25.964,-133.3578,240,27.4,72.9,Detour,29,272,8,72.3,106,0,8,0,10,0,0,0.5333333333333333,False,True,False,False
2024-08-13 01:42:45,Truck_7,50.8775,-155.5478,338,26.8,68.3,Detour,45,458,9,76.7,191,0,8,1,1,0,0,0.6666666666666666,True,False,False,False
2024-08-14 03:59:00,Truck_9,-26.6775,-77.2847,247,28.9,60.7,Clear,56,115,10,61.6,270,0,8,2,3,0,0,0.7,True,False,False,False
2024-08-14 11:03:17,Truck_6,61.8047,-72.1219,293,28.5,59.3,Clear,50,168,4,67.2,199,0,8,2,11,0,0,0.6,True,False,False,True
2024-08-14 18:56:46,Truck_9,35.0933,-170.9221,264,25.3,55.2,Clear,51,213,10,85.5,173,0,8,2,18,0,0,0.6666666666666666,False,True,False,False
2024-08-14 19:26:01,Truck_4,-10.0844,-0.6042,145,29.2,67.3,Clear,36,230,4,85.3,269,0,8,2,19,0,0,0.5,True,False,True,False
2024-08-14 21:28:50,Truck_2,86.8195,-21.0786,481,22.4,77.9,Detour,25,143,8,71.4,124,0,8,2,21,0,0,0.6,False,True,True,False
2024-08-15 05:45:04,Truck_5,-1.6787,3.2441,126,29.6,67.6,Detour,19,201,9,84.1,255,0,8,3,5,0,0,0.5333333333333333,True,False,False,True
2024-08-15 08:04:23,Truck_1,-84.8788,-37.2609,428,24.1,58.4,Detour,11,111,6,81.1,111,0,8,3,8,0,0,0.5,True,False,False,True
2024-08-16 05:55:39,Truck_7,66.5399,160.551,155,24.0,72.4,Detour,28,398,6,63.8,278,1,8,4,5,0,0,0.6333333333333333,False,False,True,False
2024-08-16 10:45:59,Truck_4,-61.8623,113.6304,334,22.5,57.1,Clear,43,381,6,73.8,157,0,8,4,10,0,0,0.5,True,False,False,False
2024-08-16 22:23:42,Truck_1,17.7318,-166.4083,269,25.2,63.5,Detour,19,262,7,71.6,295,0,8,4,22,0,0,0.4666666666666667,False,True,False,True
2024-08-17 04:39:18,Truck_3,61.9951,28.0639,204,29.8,58.9,Heavy,10,484,3,93.0,238,1,8,5,4,1,0,0.7333333333333333,False,True,False,True
2024-08-17 07:05:15,Truck_9,69.0509,91.848,321,25.4,53.8,Clear,24,340,5,84.6,223,0,8,5,7,1,0,0.6333333333333333,False,True,True,False
2024-08-17 07:37:02,Truck_8,27.787,8.2288,235,25.8,62.6,Heavy,51,171,6,87.5,207,1,8,5,7,1,0,0.6666666666666666,True,False,False,False
2024-08-18 05:51:47,Truck_7,-58.4321,-90.5118,315,23.5,68.6,Heavy,20,372,1,63.8,221,1,8,6,5,1,0,0.6666666666666666,True,False,False,False
2024-08-18 23:25:47,Truck_6,39.7998,58.7461,317,18.5,66.0,Heavy,36,465,1,68.0,180,1,8,6,23,1,0,0.5666666666666667,True,False,False,False
2024-08-19 00:05:12,Truck_7,-65.9199,-160.2292,252,27.1,59.8,Detour,53,457,8,95.4,273,0,8,0,0,0,0,0.6666666666666666,False,True,True,False
2024-08-19 01:36:00,Truck_3,-50.6778,-102.041,246,20.8,79.2,Heavy,55,325,2,80.5,271,1,8,0,1,0,0,0.7333333333333333,False,False,False,False
2024-08-19 08:18:25,Truck_7,-47.9015,-121.4183,332,24.4,69.5,Heavy,27,343,5,87.6,235,1,8,0,8,0,0,0.6333333333333333,False,True,True,False
2024-08-19 17:09:24,Truck_6,-3.6578,176.299,235,23.2,54.6,Clear,28,467,9,68.2,206,0,8,0,17,0,0,0.5666666666666667,False,True,False,False
2024-08-19 17:13:42,Truck_2,67.2149,117.9203,456,26.4,51.4,Heavy,23,100,1,94.2,105,1,8,0,17,0,0,0.5666666666666667,False,False,False,True
2024-08-20 01:28:08,Truck_4,-69.6585,23.6323,177,18.6,74.5,Heavy,16,429,1,72.4,132,1,8,1,1,0,0,0.4666666666666667,False,True,True,False
2024-08-20 15:07:20,Truck_4,36.4573,-60.8255,388,23.1,64.8,Detour,23,329,1,89.2,296,1,8,1,15,0,0,0.5,False,False,False,False
2024-08-20 15:30:04,Truck_3,86.2679,-50.7895,142,28.0,67.2,Heavy,49,458,8,92.5,224,1,8,1,15,0,0,0.7333333333333333,False,False,True,False
2024-08-20 16:18:37,Truck_5,19.9257,116.0526,291,28.5,54.6,Heavy,14,316,7,77.5,288,1,8,1,16,0,0,0.5,True,False,False,False
2024-08-21 17:20:39,Truck_4,-77.327,-33.6001,402,18.7,59.6,Detour,16,454,1,62.9,274,1,8,2,17,0,0,0.5333333333333333,False,False,True,False
2024-08-21 20:07:08,Truck_6,-51.319,-46.5841,228,24.2,59.2,Heavy,26,321,5,96.3,132,1,8,2,20,0,0,0.5666666666666667,False,False,True,False
2024-08-22 06:38:15,Truck_9,-87.2317,143.0006,135,29.0,62.2,Heavy,24,155,3,69.4,196,1,8,3,6,0,0,0.6,False,False,False,False
2024-08-22 09:00:38,Truck_2,-31.4958,-37.5932,419,21.0,74.2,Clear,29,386,9,95.1,186,0,8,3,9,0,0,0.5666666666666667,True,False,True,False
2024-08-22 20:11:57,Truck_5,-53.3732,-99.637,186,18.9,70.5,Clear,38,344,1,95.6,252,0,8,3,20,0,0,0.5333333333333333,False,True,True,False
2024-08-23 00:05:52,Truck_8,-29.2726,149.6329,236,21.9,51.9,Detour,21,233,6,72.0,115,0,8,4,0,0,0,0.7,True,False,False,False
2024-08-24 01:36:22,Truck_8,-69.5639,-74.6473,236,18.2,50.5,Clear,20,260,2,61.1,278,1,8,5,1,1,0,0.6666666666666666,False,False,False,True
2024-08-25 22:32:25,Truck_1,-64.7094,137.791,189,25.2,70.0,Clear,10,360,6,81.9,191,1,8,6,22,1,0,0.43333333333333335,False,False,False,False
2024-08-26 13:29:17,Truck_1,-83.1143,74.21,214,27.0,55.0,Clear,18,319,3,67.0,127,1,8,0,13,0,0,0.4666666666666667,False,False,False,False
2024-08-27 00:34:46,Truck_10,-70.6428,166.3723,343,29.5,59.8,Detour,35,294,8,73.7,256,0,8,1,0,0,0,0.7,False,True,False,False
2024-08-27 06:52:35,Truck_8,-13.1475,-1.0702,413,23.4,67.1,Heavy,32,325,3,93.3,109,1,8,1,6,0,0,0.7,False,False,False,False
2024-08-27 22:26:18,Truck_5,76.8391,140.3011,137,23.6,51.7,Detour,24,124,6,70.6,279,1,8,1,22,0,0,0.5,False,False,True,False
2024-08-28 07:23:00,Truck_8,-74.188,-176.0141,387,28.1,64.7,Clear,51,340,10,61.1,243,0,8,2,7,0,0,0.7,True,False,False,True
2024-08-28 12:19:14,Truck_3,2.6709,-80.8879,163,25.1,76.8,Heavy,54,320,5,93.2,231,1,8,2,12,0,0,0.7666666666666667,False,True,False,True
2024-08-28 13:33:22,Truck_9,14.0092,-131.9758,376,20.5,55.5,Clear,34,315,9,70.7,297,1,8,2,13,0,0,0.6333333333333333,False,False,False,False
2024-08-29 02:07:16,Truck_8,30.5045,52.2559,499,18.3,75.1,Clear,22,251,1,79.2,139,1,8,3,2,0,0,0.6666666666666666,False,False,False,False
2024-08-29 11:52:35,Truck_8,-51.3412,-112.1636,307,21.0,52.8,Clear,21,475,4,82.8,107,1,8,3,11,0,0,0.7,False,False,False,False
2024-08-30 12:04:18,Truck_10,56.1373,82.4192,258,19.3,74.2,Detour,52,407,8,84.7,245,1,8,4,12,0,0,0.6666666666666666,False,False,False,True
2024-08-31 20:18:57,Truck_9,81.3962,-79.6193,371,22.9,67.2,Heavy,35,121,8,90.9,213,1,8,5,20,1,0,0.6333333333333333,False,True,False,True
2024-09-02 03:17:19,Truck_5,-39.3791,-53.1316,149,19.8,51.3,Heavy,24,386,6,87.2,208,1,9,0,3,0,0,0.5,False,False,False,False
2024-09-02 05:03:25,Truck_7,51.1898,25.5964,109,20.7,60.9,Heavy,39,147,9,75.0,116,1,9,0,5,0,0,0.6666666666666666,False,False,True,False
2024-09-02 16:36:48,Truck_6,79.6896,84.1175,407,23.5,77.7,Detour,55,351,6,68.4,168,0,9,0,16,0,0,0.6,True,False,False,False
2024-09-03 09:06:58,Truck_1,76.1715,-0.0071,427,23.2,70.1,Heavy,17,320,4,73.0,162,1,9,1,9,0,0,0.4666666666666667,False,False,False,True
2024-09-03 09:41:58,Truck_8,-83.672,164.2522,318,29.8,51.4,Clear,24,216,3,83.8,221,0,9,1,9,0,0,0.7,False,True,False,True
2024-09-04 10:45:13,Truck_2,72.8206,90.5169,319,25.5,51.7,Detour,32,350,2,69.7,254,0,9,2,10,0,0,0.5333333333333333,False,True,False,False
2024-09-05 05:28:16,Truck_6,57.1287,148.1805,279,19.6,55.9,Heavy,30,187,9,90.5,126,1,9,3,5,0,0,0.5666666666666667,True,False,True,False
2024-09-05 14:12:00,Truck_3,20.8843,1.3947,303,20.7,70.6,Clear,47,143,10,98.1,123,1,9,3,14,0,0,0.7666666666666667,False,False,False,False
2024-09-05 17:43:56,Truck_3,51.4883,105.7445,347,29.1,80.0,Heavy,25,256,3,69.6,274,1,9,3,17,0,0,0.7666666666666667,False,True,False,False
2024-09-06 03:02:40,Truck_9,3.8184,139.4876,414,29.0,70.6,Heavy,25,291,4,92.9,154,1,9,4,3,0,0,0.6666666666666666,True,False,True,False
2024-09-06 12:53:25,Truck_9,44.2451,-34.2571,392,29.1,51.3,Clear,35,434,7,70.8,249,0,9,4,12,0,0,0.6666666666666666,True,False,False,False
2024-09-07 01:58:48,Truck_2,9.3528,120.0011,290,28.7,72.6,Clear,45,151,8,81.7,280,0,9,5,1,1,0,0.5,True,False,True,False
2024-09-07 01:59:11,Truck_4,-53.9744,-52.4536,160,20.7,63.1,Clear,52,488,3,79.6,246,0,9,5,1,1,0,0.5666666666666667,True,False,False,False
2024-09-07 10:37:29,Truck_3,-15.3475,13.3516,133,29.4,51.6,Clear,31,485,3,90.1,172,1,9,5,10,1,0,0.7666666666666667,False,False,False,True
2024-09-07 12:50:16,Truck_2,4.8305,-6.5757,498,20.2,55.0,Clear,51,147,8,97.7,247,1,9,5,12,1,0,0.5,False,False,False,True
2024-09-08 14:29:17,Truck_4,64.4113,-121.7647,440,20.4,62.4,Clear,35,199,10,80.3,269,0,9,6,14,1,0,0.5666666666666667,True,False,False,False
2024-09-09 03:30:12,Truck_3,49.5864,-154.4224,377,18.1,55.0,Detour,59,476,6,70.2,268,0,9,0,3,0,0,0.7666666666666667,True,False,False,True
2024-09-09 05:33:17,Truck_6,41.7679,-95.8135,262,24.5,50.1,Heavy,20,387,2,95.0,145,1,9,0,5,0,0,0.6,False,True,False,True
2024-09-09 10:46:47,Truck_10,-69.493,-118.9742,398,26.5,64.8,Heavy,44,387,1,90.6,122,1,9,0,10,0,0,0.6666666666666666,True,False,False,False
2024-09-09 10:53:12,Truck_7,65.9641,85.9925,239,25.8,56.0,Detour,50,274,7,88.3,261,0,9,0,10,0,0,0.6666666666666666,False,True,False,True
2024-09-09 11:51:15,Truck_5,-85.1352,73.2511,259,26.6,53.0,Clear,28,118,4,60.2,249,1,9,0,11,0,0,0.5,False,False,True,False
2024-09-09 18:54:20,Truck_4,5.2922,172.6376,351,29.7,52.1,Clear,41,330,8,94.5,108,0,9,0,18,0,0,0.5333333333333333,False,True,False,True
2024-09-09 21:41:33,Truck_9,-32.5141,-170.9566,295,23.6,72.8,Detour,18,327,5,92.1,283,0,9,0,21,0,0,0.6333333333333333,True,False,False,False
2024-09-10 19:41:42,Truck_1,-79.2584,125.5026,152,22.8,65.2,Heavy,33,386,4,63.3,227,1,9,1,19,0,0,0.4666666666666667,True,False,False,True
2024-09-10 19:47:25,Truck_7,-30.8564,26.7562,368,26.6,74.9,Detour,28,341,6,97.1,217,1,9,1,19,0,0,0.6666666666666666,False,False,False,False
2024-09-11 08:19:18,Truck_9,-10.2023,76.7946,422,23.8,62.4,Clear,10,158,4,84.7,294,0,9,2,8,0,0,0.6333333333333333,True,False,True,False
2024-09-11 09:02:01,Truck_6,5.5363,-6.3698,202,25.9,62.3,Heavy,11,249,4,98.0,131,1,9,2,9,0,0,0.6333333333333333,False,False,False,False
2024-09-12 00:06:39,Truck_3,25.5003,-47.5718,370,23.5,74.4,Heavy,60,105,1,99.5,128,1,9,3,0,0,0,0.7666666666666667,True,False,False,False
2024-09-12 03:14:24,Truck_4,-86.9357,-84.9718,405,20.5,55.6,Heavy,25,442,4,70.5,269,1,9,3,3,0,0,0.5333333333333333,False,True,True,False
2024-09-12 08:00:47,Truck_6,-58.7963,-150.4122,366,22.8,66.7,Clear,39,219,7,91.0,211,0,9,3,8,0,0,0.6333333333333333,False,True,True,False
2024-09-12 11:42:11,Truck_5,72.7626,105.821,375,23.0,76.3,Detour,49,131,4,87.8,137,1,9,3,11,0,0,0.5333333333333333,False,False,False,False
2024-09-12 22:46:47,Truck_10,-7.3863,-44.8767,470,25.1,70.3,Heavy,11,417,3,76.5,126,1,9,3,22,0,0,0.7,True,False,False,False
2024-09-13 03:11:29,Truck_9,-42.6929,46.2525,301,19.2,57.6,Heavy,16,256,6,65.4,148,1,9,4,3,0,0,0.6,False,False,False,False
2024-09-13 08:58:09,Truck_5,66.838,-175.1681,113,28.9,56.3,Heavy,22,417,6,60.8,142,1,9,4,8,0,0,0.5333333333333333,False,False,False,True
2024-09-13 10:52:43,Truck_4,-50.3633,99.5834,269,22.4,63.6,Detour,54,481,7,82.5,183,0,9,4,10,0,0,0.5333333333333333,False,True,True,False
2024-09-13 12:35:37,Truck_2,-13.535,94.6256,357,24.0,76.1,Detour,39,339,9,97.8,146,0,9,4,12,0,0,0.5,True,False,True,False
2024-09-14 01:51:27,Truck_2,-77.891,-96.7804,336,19.7,66.7,Clear,54,163,7,71.4,122,0,9,5,1,1,0,0.4666666666666667,True,False,False,False
2024-09-14 09:03:54,Truck_2,-17.1205,-47.0657,248,26.3,53.7,Detour,40,146,10,71.7,246,0,9,5,9,1,0,0.43333333333333335,False,True,False,True
2024-09-14 16:45:31,Truck_2,-22.1101,-65.135,197,27.3,71.3,Detour,24,460,9,64.7,162,0,9,5,16,1,0,0.4,False,True,False,False
2024-09-15 01:08:22,Truck_5,-10.7414,-56.5849,331,21.6,61.2,Heavy,24,450,8,64.4,123,1,9,6,1,1,0,0.5666666666666667,True,False,True,False
2024-09-16 10:08:52,Truck_2,54.8888,7.4287,469,20.7,70.4,Clear,31,335,7,86.1,298,0,9,0,10,0,0,0.4,False,True,True,False
2024-09-16 12:46:13,Truck_7,-18.0675,76.7802,219,18.1,64.6,Clear,24,179,8,83.3,202,0,9,0,12,0,0,0.6666666666666666,True,False,False,True
2024-09-17 03:48:24,Truck_7,1.8375,71.811,356,21.6,60.4,Clear,45,292,1,94.3,196,0,9,1,3,0,0,0.6666666666666666,True,False,False,False
2024-09-17 06:02:15,Truck_7,73.3312,46.5831,118,24.3,61.8,Clear,56,258,10,66.8,189,0,9,1,6,0,0,0.6333333333333333,False,True,False,False
2024-09-17 17:56:29,Truck_2,8.0303,137.6073,228,18.3,52.3,Clear,57,350,3,76.5,285,0,9,1,17,0,0,0.4,True,False,True,False
2024-09-18 10:59:43,Truck_1,13.5274,-108.9153,297,18.1,77.3,Clear,22,376,10,80.2,168,0,9,2,10,0,0,0.4666666666666667,False,True,False,False
2024-09-18 16:35:57,Truck_6,8.3934,-165.2068,433,26.4,69.3,Detour,25,127,8,84.5,125,1,9,2,16,0,0,0.6,False,False,False,False
2024-09-18 19:39:24,Truck_8,59.8356,-114.4198,157,18.7,73.6,Clear,55,323,9,81.3,141,1,9,2,19,0,0,0.6666666666666666,False,False,False,False
2024-09-18 23:04:24,Truck_8,-52.1686,-175.6269,441,22.6,53.3,Clear,29,343,3,86.5,172,0,9,2,23,0,0,0.6666666666666666,False,True,False,False
2024-09-19 12:19:09,Truck_6,21.3104,-80.5292,202,18.5,69.5,Heavy,54,261,3,62.5,213,1,9,3,12,0,0,0.6333333333333333,True,False,False,False
2024-09-19 22:53:51,Truck_8,-19.2577,66.744,474,27.7,71.2,Heavy,50,311,3,91.6,266,1,9,3,22,0,0,0.6333333333333333,False,True,False,False
2024-09-20 16:44:25,Truck_7,69.7608,-77.0188,227,27.6,68.1,Detour,60,399,1,64.1,126,0,9,4,16,0,0,0.6,True,False,True,False
2024-09-21 03:09:39,Truck_8,-22.9111,-154.3594,260,23.8,58.4,Clear,49,266,7,77.8,131,0,9,5,3,1,0,0.6666666666666666,False,True,False,False
2024-09-21 10:33:05,Truck_7,-33.3756,7.8261,143,20.1,57.0,Detour,41,143,9,62.1,106,0,9,5,10,1,0,0.6,False,True,False,False
2024-09-22 00:34:04,Truck_3,-18.3801,-175.0496,215,18.9,63.4,Heavy,57,382,4,71.2,274,1,9,6,0,1,0,0.7666666666666667,True,False,False,True
2024-09-22 12:19:08,Truck_9,73.3723,93.2464,369,28.0,52.3,Detour,35,481,5,73.4,179,1,9,6,12,1,0,0.6,False,False,False,False
2024-09-23 02:31:52,Truck_3,-48.6654,115.3562,388,24.6,74.3,Detour,29,461,1,68.1,159,0,9,0,2,0,0,0.8,True,False,False,False
2024-09-23 10:32:15,Truck_9,74.5816,-19.6986,132,28.2,57.2,Clear,23,401,6,93.6,154,0,9,0,10,0,0,0.6,False,True,False,False
2024-09-23 14:50:23,Truck_10,-7.7974,-150.3367,427,23.9,56.2,Heavy,31,443,3,89.0,148,1,9,0,14,0,0,0.7333333333333333,False,True,False,False
2024-09-23 17:43:36,Truck_6,-69.8671,-68.073,166,20.4,70.2,Clear,19,391,5,74.0,238,1,9,0,17,0,0,0.6666666666666666,False,False,False,False
2024-09-23 22:37:49,Truck_1,74.3356,112.5528,426,26.3,77.7,Detour,58,373,6,93.0,125,0,9,0,22,0,0,0.4666666666666667,True,False,True,False
2024-09-24 22:17:10,Truck_10,-17.6088,-41.4304,109,26.9,75.3,Detour,26,314,7,93.3,176,0,9,1,22,0,0,0.7333333333333333,True,False,False,False
2024-09-25 05:14:38,Truck_7,-30.8076,-167.4756,410,28.4,52.7,Detour,48,352,8,95.5,213,0,9,2,5,0,0,0.5666666666666667,True,False,False,True
2024-09-25 09:44:50,Truck_7,-27.8806,-32.4778,315,21.7,54.9,Heavy,51,479,7,83.7,293,1,9,2,9,0,0,0.5333333333333333,False,False,True,False
2024-09-25 12:20:07,Truck_2,9.6491,47.3499,154,22.0,53.3,Heavy,50,208,4,85.0,231,1,9,2,12,0,0,0.4,True,False,False,False
2024-09-25 15:12:12,Truck_10,-33.2264,169.6187,156,27.2,74.4,Clear,35,354,2,63.1,282,0,9,2,15,0,0,0.7333333333333333,False,True,False,True
2024-09-25 21:53:09,Truck_8,81.2554,4.8416,411,20.5,77.4,Heavy,51,211,5,76.9,244,1,9,2,21,0,0,0.6333333333333333,False,True,False,False
2024-09-26 10:33:52,Truck_5,84.8041,86.1533,438,20.6,79.3,Heavy,37,431,5,71.7,246,1,9,3,10,0,0,0.6,False,False,False,False
2024-09-26 16:59:08,Truck_7,-53.7107,-60.5951,306,21.5,78.5,Clear,48,317,7,92.8,231,0,9,3,16,0,0,0.5333333333333333,True,False,False,True
2024-09-27 06:23:53,Truck_1,-59.602,62.712,255,28.5,72.2,Clear,60,419,2,68.4,246,0,9,4,6,0,0,0.43333333333333335,True,False,True,False
2024-09-27 15:16:09,Truck_8,-3.7749,-110.6148,211,19.8,52.8,Heavy,23,423,1,80.6,185,1,9,4,15,0,0,0.6333333333333333,False,True,True,False
2024-09-27 15:52:58,Truck_7,-65.8477,47.9468,480,20.5,57.2,Clear,56,197,6,71.6,270,1,9,4,15,0,0,0.5333333333333333,False,False,False,False
2024-09-27 17:22:08,Truck_10,-14.5017,-20.1486,127,23.7,51.2,Heavy,38,463,1,78.9,272,1,9,4,17,0,0,0.7,False,False,True,False
2024-09-27 18:08:16,Truck_4,-11.2424,-4.5638,203,20.4,78.3,Detour,21,187,5,87.9,262,0,9,4,18,0,0,0.5,True,False,False,False
2024-09-28 01:41:47,Truck_6,-83.3207,19.9119,288,25.4,62.0,Clear,54,154,2,71.9,211,0,9,5,1,1,0,0.7,True,False,True,False
2024-09-28 09:08:23,Truck_9,46.5643,-126.5348,222,23.3,64.2,Detour,30,459,9,73.8,253,0,9,5,9,1,0,0.5666666666666667,False,True,True,False
2024-09-28 12:11:17,Truck_8,40.4005,-149.1521,237,28.1,75.5,Detour,18,349,2,90.5,189,0,9,5,12,1,0,0.6333333333333333,False,True,False,True
2024-09-29 06:31:55,Truck_7,62.3457,-54.2033,166,28.9,50.6,Heavy,58,197,3,88.8,282,1,9,6,6,1,0,0.5333333333333333,True,False,True,False
2024-09-29 14:00:13,Truck_1,5.6237,177.8639,116,23.0,79.6,Detour,55,362,1,96.6,222,0,9,6,14,1,0,0.43333333333333335,True,False,False,False
2024-09-29 17:58:30,Truck_2,68.4014,-52.0862,428,28.4,74.2,Clear,54,492,1,86.2,286,1,9,6,17,1,0,0.43333333333333335,False,False,False,False
2024-09-29 19:01:01,Truck_2,-7.599,-78.7489,205,23.6,76.2,Heavy,41,324,2,73.8,153,1,9,6,19,1,0,0.43333333333333335,False,True,False,False
2024-09-30 11:18:34,Truck_6,35.7136,-23.1356,209,24.9,76.8,Clear,51,214,2,86.5,156,0,9,0,11,0,0,0.6666666666666666,False,True,False,False
2024-09-30 14:31:08,Truck_4,1.3877,64.0078,388,27.4,50.6,Detour,58,401,5,81.4,196,0,9,0,14,0,0,0.4666666666666667,False,True,False,False
2024-10-01 07:42:57,Truck_5,73.392,-62.3138,464,28.2,61.4,Heavy,20,177,3,60.3,279,1,10,1,7,0,0,0.6,False,False,False,True
2024-10-01 09:21:06,Truck_7,61.9423,34.526,201,23.9,57.8,Heavy,24,170,1,90.8,104,1,10,1,9,0,0,0.5333333333333333,False,False,False,False
2024-10-02 10:12:30,Truck_3,67.0296,-18.7078,426,25.3,56.8,Clear,15,241,5,83.5,224,1,10,2,10,0,0,0.8,False,False,True,False
2024-10-02 12:56:46,Truck_6,-11.3114,-139.811,373,25.0,62.4,Clear,20,125,1,91.2,160,0,10,2,12,0,0,0.6333333333333333,False,True,False,False
2024-10-02 15:12:00,Truck_6,18.755,-46.8871,283,28.5,50.7,Detour,11,495,10,88.1,200,1,10,2,15,0,0,0.6,False,False,False,True
2024-10-02 18:31:19,Truck_2,-35.9441,-133.4183,359,22.6,72.9,Clear,60,142,4,78.5,255,0,10,2,18,0,0,0.4666666666666667,True,False,True,False
2024-10-02 21:49:15,Truck_3,-1.28,1.0168,463,19.8,54.5,Heavy,12,408,8,71.2,229,1,10,2,21,0,0,0.8,False,True,True,False
2024-10-03 02:54:03,Truck_6,-33.2637,45.4122,265,23.4,56.1,Detour,34,406,6,95.0,133,0,10,3,2,0,0,0.6,False,True,False,False
2024-10-03 07:39:13,Truck_4,22.8356,-12.873,350,27.0,66.7,Detour,56,207,2,64.0,248,0,10,3,7,0,0,0.4666666666666667,False,True,False,False
2024-10-03 07:58:45,Truck_3,72.6206,46.1393,454,22.8,73.3,Heavy,45,276,5,87.4,261,1,10,3,7,0,0,0.8,False,True,False,True
2024-10-03 16:09:16,Truck_6,-47.3503,-100.2211,309,20.2,65.8,Detour,26,105,9,60.7,244,0,10,3,16,0,0,0.5666666666666667,False,True,False,False
2024-10-03 18:21:52,Truck_5,-82.6294,-72.3332,448,20.1,65.7,Clear,20,180,7,61.7,253,0,10,3,18,0,0,0.6333333333333333,True,False,False,False
2024-10-04 16:05:37,Truck_9,4.379,97.6354,256,29.6,73.7,Heavy,20,309,8,83.4,142,1,10,4,16,0,0,0.5333333333333333,True,False,False,True
2024-10-04 16:19:17,Truck_9,20.1146,19.7583,376,25.1,54.1,Clear,55,305,5,83.2,158,0,10,4,16,0,0,0.5333333333333333,True,False,False,False
2024-10-05 14:23:31,Truck_7,59.8543,-132.3865,455,19.8,67.6,Clear,22,301,3,68.2,254,0,10,5,14,1,0,0.5333333333333333,True,False,True,False
2024-10-05 18:34:00,Truck_4,-20.0482,-83.6915,488,21.5,50.3,Heavy,32,120,1,79.1,111,1,10,5,18,1,0,0.43333333333333335,True,False,False,False
2024-10-05 23:57:35,Truck_2,-9.1011,102.9819,450,22.8,58.7,Detour,45,421,9,90.0,240,0,10,5,23,1,0,0.43333333333333335,False,True,False,False
2024-10-06 04:58:42,Truck_5,27.2654,-34.1042,201,26.0,51.5,Clear,40,429,4,87.0,107,0,10,6,4,1,0,0.6,False,True,False,True
2024-10-07 06:11:39,Truck_9,84.6774,61.0153,359,29.2,54.5,Detour,50,268,1,67.4,249,1,10,0,6,0,0,0.5,False,False,False,False
2024-10-07 10:54:40,Truck_5,-41.4279,178.8694,401,28.2,51.0,Clear,51,327,3,85.6,138,0,10,0,10,0,0,0.5666666666666667,False,True,False,False
2024-10-07 13:44:52,Truck_10,-73.5498,115.0268,414,26.8,73.9,Heavy,14,130,1,86.9,267,1,10,0,13,0,0,0.7333333333333333,True,False,False,False
2024-10-07 14:26:04,Truck_4,-35.3643,134.8909,275,23.0,55.7,Clear,39,264,1,64.4,281,0,10,0,14,0,0,0.4666666666666667,False,True,False,False
2024-10-07 17:53:55,Truck_5,-23.2761,-88.0696,329,27.3,68.4,Detour,57,418,1,90.0,101,0,10,0,17,0,0,0.5333333333333333,True,False,True,False
2024-10-07 18:21:07,Truck_6,5.7218,-96.5806,270,28.1,73.6,Clear,57,283,2,92.3,122,0,10,0,18,0,0,0.5666666666666667,False,True,False,False
2024-10-08 12:36:02,Truck_1,-31.9299,48.9536,357,20.9,50.9,Detour,30,495,1,65.6,288,0,10,1,12,0,0,0.43333333333333335,True,False,False,True
2024-10-08 14:00:54,Truck_7,-49.8421,-83.2963,324,22.2,62.9,Heavy,50,365,7,95.8,210,1,10,1,14,0,0,0.5,True,False,False,True
2024-10-09 13:29:04,Truck_6,-70.8094,75.1094,244,21.3,79.4,Heavy,22,312,9,63.5,171,1,10,2,13,0,0,0.5666666666666667,True,False,False,False
2024-10-09 18:26:11,Truck_9,-72.8958,129.8921,176,22.6,73.3,Heavy,37,154,4,91.4,169,1,10,2,18,0,0,0.5333333333333333,False,True,False,False
2024-10-11 05:31:10,Truck_2,-87.1408,-147.3922,155,26.9,75.0,Detour,25,446,5,96.8,176,0,10,4,5,0,0,0.43333333333333335,True,False,False,False
2024-10-11 10:29:57,Truck_10,-48.6056,-11.5509,420,29.9,64.6,Heavy,34,282,10,79.4,134,1,10,4,10,0,0,0.7333333333333333,False,False,False,False
2024-10-11 15:23:47,Truck_8,45.047,69.7014,403,28.2,76.1,Heavy,51,457,7,73.9,229,1,10,4,15,0,0,0.6,False,True,True,False
2024-10-11 19:36:19,Truck_10,-46.8643,158.7293,408,19.5,65.2,Detour,25,230,3,61.9,245,0,10,4,19,0,0,0.7333333333333333,False,True,True,False
2024-10-12 07:07:08,Truck_7,53.8186,-158.4252,124,26.7,50.1,Clear,10,460,5,69.4,130,1,10,5,7,1,0,0.5,False,False,False,False
2024-10-14 10:21:17,Truck_4,46.9729,-36.5198,420,21.6,62.8,Clear,31,242,10,95.6,221,1,10,0,10,0,0,0.43333333333333335,False,False,False,True
2024-10-15 04:02:56,Truck_7,26.6125,25.4788,199,27.4,57.1,Heavy,28,383,6,61.9,105,1,10,1,4,0,0,0.5333333333333333,False,True,False,False
2024-10-15 06:49:32,Truck_3,-84.8041,57.168,422,29.7,68.3,Heavy,45,246,1,85.6,136,1,10,1,6,0,0,0.8,True,False,False,True
2024-10-15 14:03:52,Truck_4,-85.2973,149.0859,221,21.6,67.7,Heavy,39,430,6,71.9,286,1,10,1,14,0,0,0.43333333333333335,True,False,True,False
2024-10-16 12:27:49,Truck_1,61.1522,5.9286,319,29.1,61.3,Detour,24,392,7,72.8,123,0,10,2,12,0,0,0.43333333333333335,False,True,False,False
2024-10-16 14:41:08,Truck_1,-53.779,30.8863,398,29.1,75.3,Detour,58,172,1,99.3,194,0,10,2,14,0,0,0.43333333333333335,True,False,True,False
2024-10-16 20:45:23,Truck_9,-7.8199,-78.215,200,19.2,67.7,Heavy,11,349,6,73.6,299,1,10,2,20,0,0,0.5333333333333333,False,True,False,False
2024-10-16 22:49:20,Truck_7,35.674,177.2099,248,23.0,72.3,Heavy,35,256,3,99.2,296,1,10,2,22,0,0,0.5333333333333333,True,False,True,False
2024-10-16 22:56:13,Truck_2,41.3066,161.1462,174,27.2,77.9,Heavy,39,173,5,91.1,262,1,10,2,22,0,0,0.4,False,False,False,False
2024-10-17 13:22:31,Truck_8,33.6179,-67.2758,430,26.4,68.4,Heavy,16,277,8,71.9,137,1,10,3,13,0,0,0.6333333333333333,False,False,False,False
2024-10-17 15:23:46,Truck_3,-18.8295,76.8645,314,23.8,63.7,Detour,41,117,8,69.5,147,1,10,3,15,0,0,0.8333333333333334,False,False,False,False
2024-10-18 06:34:56,Truck_6,38.047,-80.0446,166,26.9,58.3,Clear,29,283,3,64.1,113,1,10,4,6,0,0,0.6,False,False,False,True
2024-10-18 21:26:27,Truck_2,-9.2728,-173.0699,147,21.6,52.0,Clear,24,187,7,71.0,173,0,10,4,21,0,0,0.43333333333333335,False,True,True,False
2024-10-18 23:50:28,Truck_10,-39.8052,-126.4073,298,24.0,63.5,Detour,25,456,2,78.9,147,1,10,4,23,0,0,0.7,False,False,False,False
2024-10-19 16:07:51,Truck_5,-8.3428,-26.2702,197,22.9,71.9,Clear,18,387,9,71.0,140,0,10,5,16,1,0,0.5,False,True,False,False
2024-10-19 23:58:05,Truck_8,60.0491,-175.5019,401,27.1,67.2,Detour,51,487,3,86.3,238,1,10,5,23,1,0,0.6333333333333333,False,False,False,True
2024-10-20 02:07:47,Truck_7,-3.5038,21.9533,268,18.7,69.5,Heavy,39,101,9,77.1,205,1,10,6,2,1,0,0.5333333333333333,True,False,False,False
2024-10-20 11:54:15,Truck_3,69.9178,-25.7593,365,30.0,60.0,Clear,18,215,5,95.8,201,0,10,6,11,1,0,0.8333333333333334,False,True,True,False
2024-10-20 12:32:47,Truck_1,64.0594,-102.2596,195,19.3,70.6,Heavy,34,134,2,98.2,220,1,10,6,12,1,0,0.4,False,True,True,False
2024-10-21 11:15:32,Truck_2,77.8751,144.04,322,26.1,71.9,Detour,45,339,8,97.6,145,1,10,0,11,0,0,0.4,False,False,False,True
2024-10-22 10:43:44,Truck_7,-86.7799,-102.1496,180,18.5,52.1,Clear,10,182,5,99.0,279,1,10,1,10,0,0,0.5333333333333333,False,False,False,False
